City_ID,City,Country,Max Temp,Current Description,Lat,Lng,Hotel Name
0,Cotonou,BJ,80.58,scattered clouds,6.3654,2.4183,Novotel Cotonou Orisha
1,Pizarro,CO,79.27,broken clouds,4.9533,-77.366,Hotel Limonar
2,Atuona,PF,78.31,scattered clouds,-9.8,-139.0333,Villa Enata
3,Ribeira Grande,PT,69.93,scattered clouds,38.5167,-28.7,Quinta da Meia Eira
4,Rikitea,PF,73.96,clear sky,-23.1203,-134.9692,People ThankYou
7,Arraial Do Cabo,BR,73.26,broken clouds,-22.9661,-42.0278,Pousada Porto Praia
9,Erzin,TR,75.92,clear sky,36.9559,36.2,Artemis Otel
10,Faanui,PF,77.94,light rain,-16.4833,-151.75,Bora-Bora Pearl Beach Resort & Spa
11,Hilo,US,81.25,light rain,19.7297,-155.09,Hilo Hawaiian Hotel
14,Vaini,TO,77.16,few clouds,-21.2,-175.2,Keleti Beach Resort
18,Vila Velha,BR,76.95,broken clouds,-20.3297,-40.2925,Quality Suites Vila Velha
19,Hervey Bay,AU,76.03,clear sky,-25.2986,152.8535,Shelly Bay Resort
21,Jamestown,US,74.52,clear sky,42.097,-79.2353,Hampton Inn & Suites Jamestown
22,Kapaa,US,80.58,light rain,22.0752,-159.319,Sheraton Kauai Coconut Beach Resort
24,Pontes E Lacerda,BR,87.48,clear sky,-15.2261,-59.3353,Hotel Bressan
26,Port Alfred,ZA,60.8,broken clouds,-33.5906,26.891,The Halyards Hotel
32,Roblin,CA,60.26,overcast clouds,51.23,-101.3565,Harvest Moon Inn
33,Avarua,CK,80.65,scattered clouds,-21.2078,-159.775,Paradise Inn
36,The Valley,AI,80.82,few clouds,18.217,-63.0578,CeBlue Villas & Beach Resort
39,Yulara,AU,62.44,broken clouds,-25.2406,130.9889,Desert Gardens Hotel - Ayers Rock Resort
40,Inhambane,MZ,65.8,clear sky,-23.865,35.3833,Oceano
41,Ouro Preto Do Oeste,BR,86.59,broken clouds,-10.7481,-62.2158,Gra√∫na Resort Hotel
42,Atar,MR,87.76,broken clouds,20.5169,-13.0499,Oumou Elghoura
43,Puerto Ayora,EC,76.96,broken clouds,-0.7393,-90.3518,Finch Bay Galapagos Hotel
44,Cidreira,BR,66.6,heavy intensity rain,-30.1811,-50.2056,Hotel Castelo
45,Butaritari,KI,83.05,broken clouds,3.0707,172.7902,Isles Sunset Lodge
47,Ipora,BR,82.53,few clouds,-16.4419,-51.1178,O√°sis Motel
49,Santa Cruz De La Palma,ES,73.54,few clouds,28.6835,-17.7642,H10 Taburiente Playa
52,Grand Gaube,MU,70.2,overcast clouds,-20.0064,57.6608,Veranda Paul et Virginie Hotel & Spa
55,Biak,ID,77.77,broken clouds,-0.9131,122.8766,Penginapan Kim
56,Coos Bay,US,70.32,clear sky,43.3665,-124.2179,Best Western Holiday Hotel
57,Acu,BR,82.22,overcast clouds,-5.5767,-36.9086,Hotel O√°sis
59,Katsuura,JP,69.91,overcast clouds,35.1333,140.3,Katsuura Hotel Mikazuki
62,Hede,CN,72.99,light rain,33.7681,120.2517,Vienna 3 Best Hotel Sheyang Jiefang Rd
65,Eureka,US,72.75,scattered clouds,40.8021,-124.1637,Eureka Inn Trademark By Wyndham
66,Akyab,MM,78.62,overcast clouds,20.15,92.9,Hotel Memory
67,Kavaratti,IN,81.45,overcast clouds,10.5669,72.642,Hotels in Lakshadweep Islands
68,Sao Felix Do Xingu,BR,81.75,scattered clouds,-6.6447,-51.995,Rio Xingu Camping
69,Mitsamiouli,KM,76.15,clear sky,-11.3847,43.2844,Foyer ADM
70,Kropotkin,RU,62.2,overcast clouds,45.4375,40.5756,Hotel Europe Kropotkin
73,Ponta Do Sol,PT,74.03,overcast clouds,32.6667,-17.1,Hotel do Campo
75,Georgetown,MY,78.73,scattered clouds,5.4112,100.3354,Cititel Penang
76,Saint-Philippe,RE,63.99,clear sky,-21.3585,55.7679,"Chambres d'h√¥te ""La Trinit√©"""
77,Miri,MY,77.14,moderate rain,4.4148,114.0089,"Mega Hotel, Miri"
79,Hithadhoo,MV,81.95,overcast clouds,-0.6,73.0833,Scoop Guest House
82,Hauterive,FR,60.58,light rain,46.0901,3.4459,Aletti Palace Hotel
83,Lake Charles,US,86.02,scattered clouds,30.2131,-93.2044,La Quinta Inn & Suites by Wyndham Lake Charles Casino Area
84,Hasaki,JP,66.6,broken clouds,35.7333,140.8333,Hotel Sunrise Choshi
87,Pontianak,ID,75.18,scattered clouds,-0.0333,109.3333,Aston Pontianak Hotel & Convention Center
88,Wahiawa,US,84.52,scattered clouds,21.5028,-158.0236,Aloha Wahiawa
89,Iacu,BR,74.23,clear sky,-12.7672,-40.2117,Pousada e Restaurante Portal da Chapada
92,Kefalos,GR,75.42,clear sky,36.7453,26.9589,Kokalakis Hotel
93,Hamilton,US,84.6,clear sky,39.1834,-84.5333,Six Acres Bed & Breakfast
95,Airai,TL,65.43,scattered clouds,-8.9266,125.4092,Juvinal Martin
99,Sao Filipe,CV,80.06,overcast clouds,14.8961,-24.4956,Hotel Xaguate
100,Isiro,CD,63.52,light rain,2.7739,27.616,Guest House Hewa Bora
102,Kahului,US,87.82,scattered clouds,20.8947,-156.47,Maui Seaside Hotel
104,Bathsheba,BB,83.01,few clouds,13.2167,-59.5167,Atlantis Hotel
105,Hun,LY,84.67,clear sky,29.1268,15.9477,Alrwasi Hotel
109,Kavieng,PG,83.53,broken clouds,-2.5744,150.7967,Nusa Island Retreat
114,Victoria,HK,85.32,few clouds,22.2855,114.1577,Mini Hotel Central
115,Alice Springs,AU,63.95,broken clouds,-23.7,133.8833,Desert Palms Alice Springs
116,Kimbe,PG,84.18,overcast clouds,-5.5502,150.1429,Kimbe Bay Hotel
117,Tura,IN,71.51,scattered clouds,25.5198,90.2201,Hotel RIKMAN Continental
118,Lanat,PH,77.0,overcast clouds,15.8,120.6,Rosa's Apartment
119,Belmonte,BR,75.7,scattered clouds,-15.8631,-38.8828,Pousada Monte Carmelo O P√£o
123,Lahaina,US,87.8,overcast clouds,20.8783,-156.6825,Lahaina Shores Beach Resort
124,Praia,CV,79.34,scattered clouds,14.9215,-23.5087,LT Aparthotel
126,Tarakan,ID,78.3,scattered clouds,3.3,117.6333,RedDoorz Syariah near Taman Berlabuh Tarakan
127,Port Blair,IN,79.97,light rain,11.6667,92.75,"Welcomhotel By ITC Hotels, Bay Island, Port Blair"
129,Goderich,CA,71.91,clear sky,43.7501,-81.7165,Harmony Inn
130,Castro,BR,64.31,broken clouds,-24.7911,-50.0119,CHACARA BAILLY
131,Honiara,SB,82.06,overcast clouds,-9.4333,159.95,Heritage Park Hotel
132,Kilindoni,TZ,76.62,scattered clouds,-7.9139,39.6668,Bustani B&B
134,Bethel,US,72.48,clear sky,41.3712,-73.414,Courtyard by Marriott Danbury
135,Supaul,IN,79.41,scattered clouds,26.1167,86.6,Shri ram guest house
139,Acari,PE,64.4,broken clouds,-15.4311,-74.6158,HOSPEDAJE XIMENA
143,Great Yarmouth,GB,61.23,light rain,52.6083,1.7305,Comfort Hotel Great Yarmouth
146,Richards Bay,ZA,65.55,broken clouds,-28.783,32.0377,BON Hotel Waterfront Richards Bay
148,Sioux Lookout,CA,79.18,broken clouds,50.1001,-91.917,Knobby's Fly-In Camps
150,Kencong,ID,73.92,scattered clouds,-8.2833,113.3667,GUBUK SUGIANTO
155,Buala,SB,82.11,moderate rain,-8.145,159.5921,Maringe Lagoon Lodge
157,Fortuna,US,74.19,few clouds,40.5982,-124.1573,Super 8 by Wyndham Fortuna
158,West Bay,KY,87.87,few clouds,19.3667,-81.4167,Calypso Cove
160,Sakakah,SA,83.77,clear sky,29.9697,40.2064,Fakhamat Al Orjoana Apartment
161,San Cristobal,VE,77.18,broken clouds,7.7669,-72.225,Posada Villaven C.A.
162,Anito,PH,80.8,overcast clouds,12.4497,125.2886,FELIPA LAODENIO PROPERTY
163,Teluknaga,ID,77.18,few clouds,-6.0989,106.6381,Bale Ocasa hotel
164,Cap Malheureux,MU,70.29,overcast clouds,-19.9842,57.6142,Pereybere Hotel & Spa
165,Acapulco,MX,87.62,broken clouds,16.8634,-99.8901,HS Hotsson Smart Acapulco
167,Ocampo,MX,66.11,overcast clouds,21.65,-101.5,Casa de ratas
170,East London,ZA,61.2,few clouds,-33.0153,27.9116,Tu Casa
171,Redcliffe,AU,74.08,clear sky,-27.2307,153.0973,Redvue Apartments
172,Lorengau,PG,84.56,overcast clouds,-2.0226,147.2712,Lorengau Harbourside Hotel
173,Esmeraldas,BR,87.04,overcast clouds,-19.7625,-44.3139,Bom Ser√° - Marcinho e Fernanda
175,Westport,US,74.98,clear sky,41.1415,-73.3579,The Westport Inn
176,Saint-Joseph,RE,62.98,clear sky,-21.3667,55.6167,"""Plantation Bed and Breakfast"
177,Sao Joao Da Barra,BR,73.94,clear sky,-21.6403,-41.0511,Pousada Porto De Canoas
178,Maxixe,MZ,64.63,clear sky,-23.8597,35.3472,Oceano
179,Tahta,EG,82.72,clear sky,26.7693,31.5021,El Salam Hotel
182,San Quintin,MX,71.89,clear sky,30.4833,-115.95,Don Eddie's Sport Fishing Center
184,Mahebourg,MU,70.09,scattered clouds,-20.4081,57.7,Shandrani Beachcomber Resort & Spa
185,San Miguel Chicaj,GT,84.7,broken clouds,15.1,-90.4,Parque Central
186,Kawalu,ID,70.7,broken clouds,-7.3817,108.2082,KOSAN UNGU UNSIK
187,Padang,ID,75.25,overcast clouds,-0.9492,100.3543,Mercure Padang
191,Kalabo,ZM,72.09,scattered clouds,-14.97,22.6814,Sikakubete Guest House Kalabo Town Council
193,Santa Isabel,BR,74.5,clear sky,-23.3156,-46.2214,Ch√°cara Sombra do Alt√≠ssimo
198,Nanpiao,CN,61.02,moderate rain,41.0982,120.7479,Xinxing Hotel
200,Puerto Escondido,MX,86.83,scattered clouds,15.85,-97.0667,Aldea del Bazar Hotel and Spa
201,Kihei,US,87.82,scattered clouds,20.785,-156.4656,Maui Sunset
202,Tual,ID,79.93,broken clouds,-5.6667,132.75,Grand Vilia Hotel
203,Chuy,UY,61.57,overcast clouds,-33.6971,-53.4616,Nuevo Hotel Plaza
205,Xuddur,SO,72.16,broken clouds,4.1213,43.8894,Banjanay Hotel
206,Vanimo,PG,80.71,light rain,-2.6741,141.3028,Vahmoneh Lodge Vanimo
208,Punto Fijo,VE,84.04,clear sky,11.6956,-70.1996,Santa Fe Inn Hotel
209,Olean,US,74.08,clear sky,42.0776,-78.4297,Best Western Plus University Inn
210,Saint-Georges,GD,83.88,few clouds,12.0564,-61.7485,Radisson Grenada Beach Resort
212,Tuensang,IN,66.83,few clouds,26.2833,94.8333,B.W.D Resthouse.
215,Benguela,AO,70.03,broken clouds,-12.5763,13.4055,Hotel Praia Morena
217,Alexandria,EG,80.56,clear sky,31.2156,29.9553,Royal Crown Hotel
219,Palm Coast,US,82.0,overcast clouds,29.585,-81.2078,Hammock Beach Golf Resort & Spa
221,Rongcheng,CN,69.42,heavy intensity rain,30.634,117.8517,Shell Shandong Liaocheng Development District South Huangshan Road Hotel
224,Argelia,CO,68.13,light rain,2.2556,-77.2488,Hotel San Fernando Argelia
229,Kununurra,AU,73.38,clear sky,-15.7667,128.7333,Hotel Kununurra
230,Ouargaye,BF,77.74,scattered clouds,11.5033,0.0572,R√©sidence le Cotonnier
232,General Roca,AR,64.8,broken clouds,-39.0333,-67.5833,Hotel y Casino del R√≠o General Roca
234,Xinyu,CN,74.34,scattered clouds,27.8043,114.9334,Xinyu Beihu Hotel
235,Alyangula,AU,71.47,scattered clouds,-13.8483,136.4192,Groote Eylandt Lodge
242,Maragogi,BR,74.95,broken clouds,-9.0122,-35.2225,Salinas do Maragogi All Inclusive Resort
243,Najran,SA,83.05,clear sky,17.4924,44.1277,ŸÖÿ≠ŸÖÿØ ŸáÿßÿØŸä ÿßŸÑ ŸÅÿ∑Ÿäÿ≠
244,Kloulklubed,PW,77.5,overcast clouds,7.0419,134.2556,Storyboard Beach Resort
246,Korba,IN,73.89,overcast clouds,22.35,82.6833,Hotel Deendayal
248,Ambulu,ID,73.67,scattered clouds,-8.345,113.6058,Hotel Ambulu Jember
252,San Giovanni In Fiore,IT,64.87,clear sky,39.2633,16.6996,Casa Federico B&B
254,Lake City,US,77.04,moderate rain,30.1897,-82.6393,Ramada Limited Lake City
255,Sambava,MG,70.77,light rain,-14.2667,50.1667,Melrose
256,Luang Prabang,LA,71.22,overcast clouds,19.8856,102.1347,Villa Oasis
257,Watertown,US,69.75,few clouds,42.3709,-71.1828,Apt downtown Waltham
258,Yeppoon,AU,67.78,clear sky,-23.1333,150.7333,Villa Mar Colina
259,Noblesville,US,86.11,overcast clouds,40.0456,-86.0086,Quality Inn Noblesville-Indianapolis
260,Sidney,AU,69.31,clear sky,-33.8679,151.2073,The Grace Sydney
262,Tacoronte,ES,69.26,scattered clouds,28.4769,-16.4102,Casa Laurel
264,Baiao,BR,80.19,overcast clouds,-2.7906,-49.6717,Hotel Eurosono
267,Corinto,GR,80.76,clear sky,37.9407,22.9573,Ephira Hotel
269,Khambhaliya,IN,79.43,clear sky,22.2072,69.6683,"Kalyan's Hotel, Banquet & Restaurant."
270,Powell,US,86.16,clear sky,40.1578,-83.0752,The Brig
271,Manali,IN,78.89,overcast clouds,13.1667,80.2667,Sarathy Lodge
274,Ambon,ID,75.34,very heavy rain,-3.6954,128.1814,Swiss-Belhotel Ambon
275,Urumqi,CN,72.55,clear sky,43.801,87.6005,Hua Ling Grand Hotel Urumqi
276,Unity,CA,62.26,scattered clouds,52.4501,-109.1682,Greenhead Motel & RV Park
278,Portland,US,69.13,broken clouds,45.5234,-122.6762,Embassy Suites by Hilton Portland Downtown
281,Neka,IR,68.36,clear sky,36.6508,53.299,ÿßŸæÿßÿ±ÿ™ŸÖÿßŸÜ ŸÇŸàŸÖÿ¥
282,Arona,ES,68.83,scattered clouds,28.0996,-16.681,Paradise Court
285,Mananara,MG,68.13,light rain,-16.1667,49.7667,Chez Roger
286,Touros,BR,77.9,overcast clouds,-5.1989,-35.4608,INN NEW HORIZON
291,Shetpe,KZ,66.6,overcast clouds,44.1667,52.1167,Rtsm Shetpe Analog
292,Aloleng,PH,79.48,overcast clouds,16.1307,119.7824,Steve Walden and Emma Sison-Walden Residence
294,Bandarbeyla,SO,78.6,overcast clouds,9.4942,50.8122,JABIR HOTEL
295,Vila Franca Do Campo,PT,68.41,broken clouds,37.7167,-25.4333,Pestana Bahia Praia
296,Shingu,JP,73.9,overcast clouds,33.7333,135.9833,Shingu UI Hotel
297,Gorgan,IR,67.96,clear sky,36.8387,54.4348,Khayyam Motel
298,Cabcab,PH,82.18,overcast clouds,13.6268,124.0515,Mayon View Private Resort (for sale)
299,Lazaro Cardenas,MX,83.62,broken clouds,17.9583,-102.2,quinta antigua
300,Korhogo,CI,72.27,broken clouds,9.45,-5.6333,H√¥tel Tchinbota
302,Impfondo,CG,67.93,overcast clouds,1.6381,18.0667,Auberge La Place de Jules
303,Natal,BR,79.02,clear sky,-5.795,-35.2094,Villa Park Hotel | Natal
304,Lagoa,PT,68.65,broken clouds,39.05,-27.9833,Casa Das Faias
306,Champerico,GT,87.35,overcast clouds,14.3,-91.9167,"Hotel y restaurante ""El Diamante"""
307,Clarence Town,AU,67.06,clear sky,-32.5833,151.7833,River Downs Cottage
309,Souillac,MU,70.18,scattered clouds,-20.5167,57.5167,Shanti Maurice Resort & Spa
310,Bengkulu,ID,73.33,moderate rain,-3.8004,102.2655,Grage Hotel Bengkulu
311,Santo Antonio Do Sudoeste,BR,74.61,overcast clouds,-26.0736,-53.7253,Hotel Frontera
312,Hami,CN,72.63,broken clouds,42.8,93.45,Laoyutang Resort
315,Nishihara,JP,78.85,few clouds,26.1842,127.7558,Minshuku Agaihama
317,Soyo,AO,73.92,broken clouds,-6.1349,12.3689,Hotel Mpampa
318,Yatou,CN,73.04,moderate rain,37.15,122.3833,GreenTree Hotel Rongcheng Bus Station
319,Pokrovskoye,RU,63.45,overcast clouds,47.4157,38.8971,–¢–∏—Ö–∏–π —É–≥–æ–ª–æ–∫
320,Osoyoos,CA,69.39,broken clouds,49.0331,-119.4524,Watermark Beach Resort Hotel
321,Dauphin,CA,69.94,clear sky,51.1494,-100.0502,Canway Inn & Suites
323,Alcudia,ES,72.25,scattered clouds,39.8532,3.1214,Zafiro Tropic
324,Kaeo,NZ,65.32,scattered clouds,-35.1,173.7833,Bushido Lodge
326,Zhumadian,CN,64.44,light rain,32.9794,114.0294,Ouyue House Hotel
328,Tumaco,CO,77.68,light rain,1.7986,-78.8156,Dafneruben
330,Nipawin,CA,64.44,clear sky,53.3668,-104.0009,Tobin Lake Motel
331,Sorgun,TR,62.28,clear sky,39.8101,35.186,SORGUN BIG THERMAL TURIZM HOTEL COMPANY A.≈û.
333,Puri,IN,79.32,overcast clouds,19.8,85.85,OYO 1577 Hotel Shree Hari Grand
334,Praia Da Vitoria,PT,70.05,broken clouds,38.7333,-27.0667,Hotel Branco I
335,Port-Gentil,GA,78.76,overcast clouds,-0.7193,8.7815,Fengshui Residence
337,Estevan,CA,62.22,moderate rain,49.1334,-102.9842,"Motel 6 Estevan, SK"
338,Noumea,NC,73.38,clear sky,-22.2763,166.4572,H√¥tel Le Lagon
339,Mersing,MY,75.11,overcast clouds,2.4312,103.8405,Timotel Hotel
341,Arawa,PG,84.78,light rain,-6.2132,155.5367,Coastline Guest House
342,Aswan,EG,85.3,clear sky,24.0934,32.907,Nuba Nile
343,Xam Nua,LA,66.06,overcast clouds,20.4197,104.0439,Xee Wang Guesthouse
346,Guerrero Negro,MX,74.01,clear sky,27.9769,-114.0611,"Casa Laguna, Bed & Breakfast"
347,Sooke,CA,64.56,scattered clouds,48.3746,-123.7276,Sooke Harbour House Hotel & Resort
348,Rio Grande,BR,64.94,moderate rain,-32.035,-52.0986,Hotel Atl√¢ntico Rio Grande
349,French Harbor,HN,87.8,few clouds,16.35,-86.4333,"Fantasy Island Beach Resort, Dive & Marina"
350,Agadir,MA,68.45,scattered clouds,30.4202,-9.5982,Iberostar Founty Beach
351,Pisco,PE,62.65,clear sky,-13.7,-76.2167,Hotel San Isidro Oficial
352,Tlacotepec,MX,67.59,overcast clouds,20.0667,-97.8667,RANCHO LA ILUSION
354,Ismailia,EG,72.88,clear sky,30.6043,32.2723,Mercure Ismailia Forsan Island Hotel
356,Muscat,OM,87.82,broken clouds,23.6139,58.5922,Mutrah Hotel
359,Innisfail,AU,72.77,overcast clouds,-17.5333,146.0333,Moondarra Motel
360,Manokwari,ID,81.3,overcast clouds,-0.8667,134.0833,Swiss Belhotel Manokwari
361,Pandan,PH,81.48,overcast clouds,14.0453,124.1694,Bonifacio Lodge
364,Poum,NC,72.57,clear sky,-20.2333,164.0167,G√Æte kajeon
366,Bowen,AU,71.82,broken clouds,-20.0167,148.2333,Castle Motor Lodge Motel
368,Clarksburg,US,86.11,clear sky,39.2807,-80.3445,Greenbrier Motel & Restaurant
369,Cayenne,GF,84.09,clear sky,4.9333,-52.3333,H√¥tel Le Dronmi
370,Bac Lieu,VN,78.46,overcast clouds,9.285,105.7244,Kh√°ch s·∫°n S√†i G√≤n B·∫°c Li√™u
374,Marsabit,KE,65.75,scattered clouds,2.3284,37.9899,Chicho Hotel
377,Kalmunai,LK,79.77,broken clouds,7.4167,81.8167,VS Villa
378,Isangel,VU,75.31,broken clouds,-19.55,169.2667,Tanna Lodge
381,Lata,PT,62.08,clear sky,40.1629,-8.3327,Casa Maquia
382,Iskilip,TR,64.17,few clouds,40.7353,34.4739,ƒ∞skilip √ñƒüretmenevi
385,Atambua,ID,75.38,few clouds,-9.1061,124.8925,Pastori 1 Jemaat Polycarpus
387,Trinidad,BO,87.78,smoke,-14.8333,-64.9,Hotel Piesta
390,Mumford,GH,75.72,overcast clouds,5.2618,-0.759,Spanish Villa
392,Ewa Beach,US,87.75,scattered clouds,21.3156,-158.0072,Uncle Junior Robert
393,Kushima,JP,71.64,clear sky,31.4583,131.2333,Hanaoka
394,Asfi,MA,68.99,scattered clouds,32.2994,-9.2372,H√¥tel Abda
396,Camacha,PT,70.56,broken clouds,33.0833,-16.3333,Hotel Porto Santo & Spa
397,Faya,SA,68.11,broken clouds,18.3851,42.4509,ÿßŸÖŸÑÿßŸÉ ÿÆÿßŸÑÿØ ÿßŸÑÿ¥ÿπÿ¥Ÿàÿπ
401,Port Hedland,AU,62.65,few clouds,-20.3167,118.5667,The Esplanade Hotel
403,Takoradi,GH,75.34,scattered clouds,4.8845,-1.7554,Raybow International Hotel
406,Nha Trang,VN,75.2,overcast clouds,12.25,109.1833,Sheraton Nha Trang Hotel & Spa
407,Saint Anthony,US,89.74,clear sky,45.0205,-93.218,"Holiday Inn Express Roseville-St. Paul, an IHG Hotel"
408,Roebourne,AU,75.88,clear sky,-20.7833,117.1333,Latitude20 Roebourne Village
409,Nsanje,MW,66.02,clear sky,-16.92,35.262,Nsanje Discovery Lodge
410,Mizdah,LY,78.04,clear sky,31.4451,12.9801,ŸÖÿ≠ŸÖÿØÿßŸÑŸÖÿ®ÿ±ŸàŸÉ ÿßŸÑÿßÿ±ŸäŸÇÿ∑
412,Sorong,ID,78.73,light rain,-0.8833,131.25,waigo splash hotel
413,Le Vauclin,MQ,84.33,clear sky,14.5452,-60.8388,H√¥tel Cap Macabou
415,Antalaha,MG,69.91,light rain,-14.9003,50.2788,Hotel Vitasoa
416,Bambous Virieux,MU,70.05,scattered clouds,-20.3428,57.7575,Casa Tia Villa
418,Funadhoo,MV,81.9,broken clouds,6.15,73.2667,Dhaffalhu Tourist Lodge
419,Tomatlan,MX,77.52,overcast clouds,19.9333,-105.25,El Salvial
420,Luorong,CN,76.53,overcast clouds,24.4058,109.6086,Ëç£Á´ãÂ§ßÈÖíÂ∫ó
421,Andijon,UZ,69.15,clear sky,40.7821,72.3442,Bog'ishamol
425,Ahuimanu,US,87.51,scattered clouds,21.4447,-157.8378,Paradise Bay Resort
428,Fare,PF,78.69,scattered clouds,-16.7,-151.0167,Maitai Lapita Village Huahine
431,Labuhan,ID,77.22,scattered clouds,-6.8844,112.2051,PT PPI Lamongan Tambak C
435,Puerto Colombia,CO,84.29,overcast clouds,10.9878,-74.9547,Hotel El Emigrante
436,Mandera,KE,78.08,scattered clouds,3.9366,41.867,Kornesh Hotel and Lodging
438,Uvinza,TZ,70.83,overcast clouds,-5.1036,30.3911,Crown Lodge
439,Sucre,BO,67.01,clear sky,-19.0333,-65.2627,Hotel Premier
442,Kilinochchi,LK,78.01,broken clouds,9.3961,80.3982,Solaivanam Guest House
445,Miandrivazo,MG,69.8,scattered clouds,-19.5167,45.4667,H√¥tel Arc En Ciel Miandrivazo
446,Joshimath,IN,68.2,overcast clouds,30.5667,79.5667,Shivalik Camps & Resort
449,Salalah,OM,80.69,broken clouds,17.0151,54.0924,HAMDAN PLAZA HOTEL SALALAH
453,Ikom,NG,73.44,broken clouds,5.9667,8.7063,Reho Farm & Resort
454,Esqueda,MX,90.0,few clouds,30.7167,-109.5833,Hotel Esqueda
455,Axim,GH,75.16,few clouds,4.8699,-2.2405,Axim Beach Resort And Spa
461,Renqiu,CN,60.48,light rain,38.6989,116.0936,City Garden Renqiu Meishicheng Store
463,Lompoc,US,87.21,clear sky,34.6391,-120.4579,"Holiday Inn Express Lompoc, an IHG Hotel"
464,Russell,US,76.98,overcast clouds,32.3502,-85.1999,Macs
465,Bambanglipuro,ID,75.22,broken clouds,-7.95,110.2833,Puri Brata
467,Upata,VE,78.19,broken clouds,8.0086,-62.3989,Posada Villa Nela
468,Dawlatabad,AF,67.98,clear sky,36.4141,64.9053,WASIM ASGAR KHAN
472,Nelson Bay,AU,64.29,clear sky,-32.7167,152.15,Mantra Nelson Bay
473,Rolla,US,81.59,few clouds,37.9514,-91.7713,"Holiday Inn Express & Suites Rolla - Univ of Missouri S&T, an IHG Hotel"
476,Hambantota,LK,79.43,scattered clouds,6.1241,81.1185,Bungalow 63
483,Saint Cloud,US,88.21,clear sky,45.5608,-94.1625,Homewood Suites by Hilton St Cloud
484,Shimoda,JP,73.6,clear sky,34.6667,138.95,Shimoda Tokyu Hotel
486,Karratha,AU,75.56,clear sky,-20.7377,116.8463,ibis Styles Karratha
487,Salinas,US,82.99,clear sky,36.6777,-121.6555,Laurel Inn & Conference Center
488,Itarema,BR,78.53,overcast clouds,-2.9248,-39.9167,"Sea Lounge! Bar, Club & Restaurant"
489,Puerto Del Rosario,ES,73.15,scattered clouds,28.5004,-13.8627,Hotel JM Puerto del Rosario
491,Nyanguge,TZ,71.96,broken clouds,-2.55,33.2,Macho lodge
493,Ixtapa,MX,81.63,overcast clouds,20.7,-105.2,Hotel Plaza Providencia
495,Padampur,IN,86.86,clear sky,29.6833,73.6167,Sidhu wali dhani
497,Pathein,MM,76.59,overcast clouds,16.7833,94.7333,New Pammawaddy Hotel
498,Zhangye,CN,60.12,clear sky,38.9342,100.4517,Zhangye Lvzhou Holiday Inn
499,Santa Rosa,PH,78.78,moderate rain,14.3122,121.1114,Erlyn‚Äôs Sta Rosa City Home
500,Kailua,US,87.78,scattered clouds,21.4022,-157.7394,Sheffield House Bed & Breakfast
502,Verdun,FR,60.1,light rain,49.25,5.3333,Logis H√¥tel le Relais
506,Ambilobe,MG,73.27,overcast clouds,-13.2,49.05,H√¥tel & Restaurant DIANA Ambilobe
507,Biu,NG,71.67,broken clouds,10.6129,12.1946,Emir's Palace
508,Timizart,DZ,69.08,clear sky,36.8,4.2667,yefssah restaurant
511,Terrace Bay,CA,71.22,overcast clouds,48.7834,-87.1,Drifters Motel & Restaurant
514,Umbauba,BR,68.54,few clouds,-11.3833,-37.6578,Motel Calif√≥rnia
515,Taltal,CL,60.57,few clouds,-25.4,-70.4833,Residencial Karime
516,Mount Isa,AU,78.57,clear sky,-20.7333,139.5,ibis Styles Mt Isa Verona
517,Sao Miguel Do Araguaia,BR,88.27,clear sky,-13.275,-50.1628,Hotel Executivo Palace
519,Pacific Grove,US,82.58,clear sky,36.6177,-121.9166,Lovers Point Inn
520,Broome,US,66.97,clear sky,42.2506,-75.833,Chenango Valley State Park
522,Hit,IQ,82.17,clear sky,33.6416,42.8251,ÿµÿßŸÑŸàŸÜ ÿ≤Ÿäÿ±Ÿà
524,Mahibadhoo,MV,82.13,broken clouds,3.7833,72.9667,Omadhoo Inn
525,Buchanan,LR,77.07,light rain,5.8808,-10.0467,Kamaneahn Hotel Inc
526,Beira,MZ,62.69,clear sky,-19.8436,34.8389,Beira Terrace Hotel
527,Roura,GF,83.97,clear sky,4.7263,-52.3274,Amazonie D√©couverte SARL
528,Pamanukan,ID,76.51,clear sky,-6.2842,107.8106,Paris Day Hotel Pamanukan
534,Lethem,GY,80.8,broken clouds,3.3803,-59.7968,Savannah Inn
535,Les Cayes,HT,80.71,broken clouds,18.2,-73.75,Villa Orphee
541,Celestun,MX,83.73,few clouds,20.8667,-90.4,Posada Lilia
542,Oistins,BB,82.49,few clouds,13.0667,-59.5333,Butterfly Beach Hotel
543,Kapit,MY,73.83,overcast clouds,2.0167,112.9333,Hotel Meligai Kapit
546,Mumbwa,ZM,66.18,clear sky,-14.9783,27.0619,Mumbwa Motel
547,Tukrah,LY,82.36,clear sky,32.5341,20.5791,Lagrota restaurant
548,Korampallam,IN,81.48,broken clouds,8.7667,78.1,Regency Tuticorin by GRT Hotels
549,Guiratinga,BR,84.85,clear sky,-16.3494,-53.7583,Hotel Angra do Cerrado - Guiratinga MT
551,Bennington,US,66.76,clear sky,42.8781,-73.1968,Best Western Bennington
552,Omboue,GA,75.6,broken clouds,-1.5746,9.2618,Hotel Olako
553,Show Low,US,83.08,scattered clouds,34.2542,-110.0298,Hampton Inn & Suites Show Low-Pinetop
555,Kota Kinabalu,MY,76.98,few clouds,5.9749,116.0724,Gaya Centre Hotel
556,Iberia,US,86.05,clear sky,29.9502,-91.7507,back to back rv park
558,Abnub,EG,82.62,clear sky,27.2696,31.1511,Romany Adly Gad
559,Firminopolis,BR,81.97,scattered clouds,-16.5819,-50.305,Sol E Mar
560,Samarai,PG,78.84,overcast clouds,-10.6167,150.6667,Nuli Sapi
562,Vao,NC,67.28,overcast clouds,-22.6667,167.4833,Hotel Kou-Bugny
563,Preobrazheniye,RU,64.47,overcast clouds,42.9019,133.9064,Campsite Orlan
565,Kano,NG,75.09,clear sky,12.0001,8.5167,Havana Guest Inn
567,Palmer,US,69.93,clear sky,42.1584,-72.3287,Wedgewood Motel
568,Garowe,SO,77.05,broken clouds,8.4054,48.4845,Curubo Hotel
569,Jacareacanga,BR,81.77,light rain,-6.2222,-57.7528,Casa do Ianüòé
570,Hastings,GB,62.35,overcast clouds,50.8552,0.5729,Zanzibar Hotel
572,Pilar,BR,75.13,broken clouds,-9.5972,-35.9567,Pousada e churrascaria Manguaba
573,Batticaloa,LK,81.72,overcast clouds,7.7102,81.6924,Grand Star Guest House
575,Novo Aripuana,BR,80.82,broken clouds,-5.1206,-60.3797,Hotel Ezequiel
576,Bintulu,MY,75.61,scattered clouds,3.1667,113.0333,900 Boutique INN
578,Namibe,AO,61.05,few clouds,-15.1961,12.1522,Hotel Chik Chik Namibe
579,Hobyo,SO,77.04,overcast clouds,5.3505,48.5268,Halane Hotel and Restaurent
580,Terme,TR,66.13,clear sky,41.2092,36.9739,OTEL G√úVEN TERME
581,Alugan,PH,81.66,light rain,12.2188,125.4808,JM Lodge
582,Kingsport,US,81.79,broken clouds,36.5484,-82.5618,MeadowView Conference Resort & Convention Center
584,Bubaque,GW,80.65,light rain,11.2833,-15.8333,"Casa Dora, Bubaque"
585,Patos De Minas,BR,80.31,broken clouds,-18.5789,-46.5181,G√°latas Central Hotel
587,Barretos,BR,87.6,clear sky,-20.5572,-48.5678,Dan Inn Barretos
590,Cockburn Town,TC,84.16,scattered clouds,21.4612,-71.1419,Osprey Beach Hotel
591,Carutapera,BR,78.48,broken clouds,-1.195,-46.02,Lidera
593,Shelburne,CA,70.25,clear sky,44.0787,-80.2041,The Retreat at the Farm
594,Sirjan,IR,72.97,scattered clouds,29.452,55.6814,MAPNA Building
595,Soe,ID,69.6,broken clouds,-9.8607,124.284,Dena Hotel
597,Quelimane,MZ,62.55,clear sky,-17.8786,36.8883,Hotel Flamingo
600,Almeirim,BR,81.45,broken clouds,-1.5233,-52.5817,Ric√°cio Hotel
601,Muroto,JP,73.44,broken clouds,33.2833,134.15,Oota Ryokan
603,Tignere,CM,64.63,broken clouds,7.3667,12.65,SADECK
604,Harper,LR,77.72,light rain,4.375,-7.7169,Screensaver
605,Japura,ID,70.03,broken clouds,-0.3167,102.35,Rumah mbah Jamah
610,Malkerns,SZ,61.59,clear sky,-26.5667,31.1833,Esthers Lodge
611,Sabang,ID,78.01,light rain,5.8933,95.3214,Hotel Citra
612,Ryotsu,JP,64.36,few clouds,38.0833,138.4333,Sadokamoko Onsen Kohanno Yado Yoshidaya
614,Mayumba,GA,74.01,few clouds,-3.432,10.6554,LIKWALE LODGE
615,Yenagoa,NG,75.87,overcast clouds,4.9247,6.2642,Aridolf Resort Wellness and Spa
616,Poso,ID,77.88,overcast clouds,-1.3959,120.7524,Hotel 77 Poso
619,Alta Floresta,BR,83.26,clear sky,-9.8756,-56.0861,Floresta Amazonica Hotel
620,Kaspiysk,RU,60.98,clear sky,42.8816,47.6392,Alima Hostel
621,Mahanoro,MG,65.59,light rain,-19.9,48.8,BUNGALOW MAHAMANINA
622,Morondava,MG,66.61,clear sky,-20.2833,44.2833,La Case Bambou
630,Karpathos,GR,80.56,clear sky,35.507,27.2132,Alex
633,Tabou,CI,77.72,light rain,4.423,-7.3528,hot√™l doufoulougou
636,Ulladulla,AU,64.09,clear sky,-35.35,150.4667,Sandpiper Motel
638,Chelmsford,GB,61.09,overcast clouds,51.7357,0.4696,Best Western Atlantic Hotel
640,Cruz Grande,MX,86.38,overcast clouds,16.7333,-99.1333,Hotel Camila
641,Mahina,PF,82.17,scattered clouds,-17.5065,-149.489,Guest Beach Bungalow Tahiti
642,Sydney,AU,70.32,clear sky,-33.8679,151.2073,The Grace Sydney
643,Balugaon,IN,76.75,overcast clouds,20.1667,85.1,Kridashpur Kalyan Mandap
644,Labuan,MY,77.36,few clouds,5.2767,115.2417,Tiara Labuan Hotel
645,Chongwe,ZM,61.0,clear sky,-15.3292,28.682,Grakas Lodge
646,Road Town,VG,82.49,broken clouds,18.4167,-64.6167,"ZINGARA 76ft Catamaran, full crew-all included"
649,Feijo,BR,79.83,scattered clouds,-8.1642,-70.3536,Hotel e Restaurante A“´ai
650,Barcelos,PT,64.92,scattered clouds,41.5388,-8.6151,Hotel Do Ter√ßo
651,Coruripe,BR,73.94,broken clouds,-10.1256,-36.1756,Pousada e Hotel Litoral Sul
653,Port Shepstone,ZA,66.06,broken clouds,-30.7414,30.455,My Den Beachfront Bed and Breakfast | Self-Catering
654,Sungaipenuh,ID,62.83,overcast clouds,-2.0833,101.3833,Hotel Jaya Wisata 2
655,Camocim,BR,78.55,overcast clouds,-2.9022,-40.8411,Hotel Ilha do Amor
656,Robertsport,LR,78.15,light rain,6.7533,-11.3686,Kwepunha Retreat
657,Miyako,JP,68.27,overcast clouds,39.6367,141.9525,Hotel Route Inn Miyako
658,Iranshahr,IR,86.25,clear sky,27.2025,60.6848,ŸÜ€å⁄© ÿ≥ÿ±ÿ¥ÿ™
661,Malang,ID,69.96,broken clouds,-7.9797,112.6304,Hotel Tugu Malang
663,Camalu,MX,76.42,clear sky,30.85,-116.0667,La Cueva del Pirata
665,Tongren,CN,69.46,broken clouds,27.7172,109.1853,Fanjing Mountain International Conference Center
667,Nago,JP,79.65,scattered clouds,26.5881,127.9761,Hotel Yugaf Inn Okinawa
668,Qurayyat,SA,69.98,clear sky,31.3318,37.3428,Mozon Furnished Aprtments
670,Santa Cruz,BO,89.06,scattered clouds,-17.8,-63.1667,Aviador Hotel Boutique
671,Itaituba,BR,82.38,scattered clouds,-4.2761,-55.9836,Hotel Campos
672,Konya,TR,63.88,clear sky,38.1667,32.5,Bahcesaray Koyu Muhtarligi
674,Sawakin,SD,87.06,few clouds,19.1059,37.3321,ŸÅŸÜÿØŸÇ ÿßŸÑÿØŸàŸäŸÖ
679,Mareeba,AU,70.52,broken clouds,-17.0,145.4333,Trinity Plains Tourist Park
680,Camana,PE,60.85,broken clouds,-16.6228,-72.7111,Hostal Morales
681,Maumere,ID,80.8,broken clouds,-8.6199,122.2111,Sylvia Hotel
682,Bari,IT,76.84,clear sky,41.1177,16.8512,Mercure Villa Romanazzi Carducci Bari
686,Puerto Quijarro,BO,89.19,clear sky,-17.7833,-57.7667,Hotel palance
693,Katherine,AU,71.92,clear sky,-14.4667,132.2667,Pine Tree Motel
694,Loreto,MX,71.01,broken clouds,22.2667,-101.9667,Jos√© de Jes√∫s Vel√°squez mora
697,Los Llanos De Aridane,ES,69.55,few clouds,28.6585,-17.9182,Valle Aridane
699,Numata,JP,65.19,scattered clouds,36.6333,139.05,Hotel Bella-Vita
701,Talcher,IN,76.39,overcast clouds,20.95,85.2167,Hotel Green Park
703,Embonas,GR,74.84,clear sky,36.2269,27.8564,Hotel Ataviros
704,Emilio Carranza,MX,81.93,broken clouds,19.9711,-96.6114,casa carranza
712,Tautira,PF,82.42,broken clouds,-17.7333,-149.15,Pension Oaoa
713,San Juan Del Cesar,CO,81.79,overcast clouds,10.7711,-73.0031,Hotel Saraje
714,Waddan,LY,84.74,clear sky,29.1614,16.139,ŸÖÿ≠ŸÑ ÿßŸÑÿ¥ÿ±ŸäŸÅ ŸÖÿ≠ŸÖÿØ ÿßŸÑÿπÿßŸäÿ®
