City_ID,City,Country,Lat,Lng,Max Temp,Humidity,Cloudiness,Wind Speed,Current Description
0,Cotonou,BJ,6.3654,2.4183,80.58,83,40,11.5,scattered clouds
1,Pizarro,CO,4.9533,-77.366,79.27,83,74,7.16,broken clouds
2,Atuona,PF,-9.8,-139.0333,78.31,77,33,21.56,scattered clouds
3,Ribeira Grande,PT,38.5167,-28.7,69.93,68,36,10.47,scattered clouds
4,Rikitea,PF,-23.1203,-134.9692,73.96,76,4,11.83,clear sky
5,Bonavista,CA,48.6499,-53.1147,57.11,97,100,18.92,light rain
6,Port Elizabeth,ZA,-33.918,25.5701,57.49,82,0,10.36,clear sky
7,Arraial Do Cabo,BR,-22.9661,-42.0278,73.26,88,75,4.61,broken clouds
8,Ushuaia,AR,-54.8,-68.3,42.46,81,40,3.44,light rain
9,Erzin,TR,36.9559,36.2,75.92,81,1,1.5,clear sky
10,Faanui,PF,-16.4833,-151.75,77.94,75,79,18.19,light rain
11,Hilo,US,19.7297,-155.09,81.25,83,90,0.0,light rain
12,Kysyl-Syr,RU,63.8986,122.7617,30.4,86,85,6.85,overcast clouds
13,Polovinnoye,RU,54.7914,65.9864,37.4,70,87,15.14,overcast clouds
14,Vaini,TO,-21.2,-175.2,77.16,73,20,12.66,few clouds
15,Aripuana,BR,-9.1667,-60.6333,83.41,49,76,1.7,broken clouds
16,Albany,US,42.6001,-73.9662,69.67,72,5,2.21,clear sky
17,Bluff,NZ,-46.6,168.3333,54.81,69,82,16.89,broken clouds
18,Vila Velha,BR,-20.3297,-40.2925,76.95,83,75,2.3,broken clouds
19,Hervey Bay,AU,-25.2986,152.8535,76.03,65,0,9.06,clear sky
20,Hermanus,ZA,-34.4187,19.2345,56.89,77,0,14.18,clear sky
21,Jamestown,US,42.097,-79.2353,74.52,49,1,4.61,clear sky
22,Kapaa,US,22.0752,-159.319,80.58,77,75,4.0,light rain
23,Punta Arenas,CL,-53.15,-70.9167,42.91,87,90,17.27,light intensity shower rain
24,Pontes E Lacerda,BR,-15.2261,-59.3353,87.48,22,4,3.51,clear sky
25,New Norfolk,AU,-42.7826,147.0587,48.92,86,83,1.01,broken clouds
26,Port Alfred,ZA,-33.5906,26.891,60.8,83,71,10.67,broken clouds
27,Gryazi,RU,52.4966,39.9359,49.14,85,100,19.95,light rain
28,Wuwei,CN,37.9281,102.6414,59.68,31,0,7.49,clear sky
29,Hobart,AU,-42.8794,147.3294,49.26,74,40,7.0,scattered clouds
30,Tarare,FR,45.8976,4.4327,59.0,96,99,2.3,overcast clouds
31,Hay River,CA,60.8156,-115.7999,48.18,87,75,9.22,light rain
32,Roblin,CA,51.23,-101.3565,60.26,51,100,16.96,overcast clouds
33,Avarua,CK,-21.2078,-159.775,80.65,69,40,12.66,scattered clouds
34,Lindas,NO,60.7381,5.16,56.71,82,99,8.95,overcast clouds
35,Busselton,AU,-33.65,115.3333,44.1,79,0,10.94,clear sky
36,The Valley,AI,18.217,-63.0578,80.82,94,20,4.61,few clouds
37,Qaanaaq,GL,77.484,-69.3632,13.3,88,88,7.43,overcast clouds
38,Norman Wells,CA,65.282,-126.8329,51.84,62,75,11.5,broken clouds
39,Yulara,AU,-25.2406,130.9889,62.44,39,57,12.66,broken clouds
40,Inhambane,MZ,-23.865,35.3833,65.8,70,0,9.26,clear sky
41,Ouro Preto Do Oeste,BR,-10.7481,-62.2158,86.59,42,76,3.74,broken clouds
42,Atar,MR,20.5169,-13.0499,87.76,41,80,18.77,broken clouds
43,Puerto Ayora,EC,-0.7393,-90.3518,76.96,88,75,5.99,broken clouds
44,Cidreira,BR,-30.1811,-50.2056,66.6,97,91,17.9,heavy intensity rain
45,Butaritari,KI,3.0707,172.7902,83.05,69,65,14.65,broken clouds
46,Mataura,NZ,-46.1927,168.8643,54.48,56,64,6.11,broken clouds
47,Ipora,BR,-16.4419,-51.1178,82.53,14,24,0.74,few clouds
48,Khandyga,RU,62.6667,135.6,33.37,99,100,5.28,snow
49,Santa Cruz De La Palma,ES,28.6835,-17.7642,73.54,68,20,8.05,few clouds
50,Lebu,CL,-37.6167,-73.65,50.0,75,1,16.93,clear sky
51,Christchurch,NZ,-43.5333,172.6333,57.4,62,53,2.3,broken clouds
52,Grand Gaube,MU,-20.0064,57.6608,70.2,66,86,1.99,overcast clouds
53,Tuktoyaktuk,CA,69.4541,-133.0374,44.6,49,75,13.8,broken clouds
54,Bredasdorp,ZA,-34.5322,20.0403,52.92,82,0,3.44,clear sky
55,Biak,ID,-0.9131,122.8766,77.77,78,83,3.58,broken clouds
56,Coos Bay,US,43.3665,-124.2179,70.32,62,1,9.22,clear sky
57,Acu,BR,-5.5767,-36.9086,82.22,59,99,17.54,overcast clouds
58,Nikolskoye,RU,59.7035,30.7861,40.89,77,100,8.99,overcast clouds
59,Katsuura,JP,35.1333,140.3,69.91,69,86,16.64,overcast clouds
60,Chapais,CA,49.7834,-74.8492,58.78,62,57,5.75,broken clouds
61,Yellowknife,CA,62.456,-114.3525,50.52,62,75,4.61,broken clouds
62,Hede,CN,33.7681,120.2517,72.99,98,100,10.8,light rain
63,Brownsville,US,25.9018,-97.4975,93.31,62,20,5.01,few clouds
64,Vestmannaeyjar,IS,63.4427,-20.2734,50.11,94,100,35.19,overcast clouds
65,Eureka,US,40.8021,-124.1637,72.75,74,47,9.08,scattered clouds
66,Akyab,MM,20.15,92.9,78.62,89,100,3.67,overcast clouds
67,Kavaratti,IN,10.5669,72.642,81.45,80,100,11.45,overcast clouds
68,Sao Felix Do Xingu,BR,-6.6447,-51.995,81.75,44,44,2.15,scattered clouds
69,Mitsamiouli,KM,-11.3847,43.2844,76.15,72,0,7.7,clear sky
70,Kropotkin,RU,45.4375,40.5756,62.2,91,97,6.82,overcast clouds
71,Clyde River,CA,70.4692,-68.5914,30.06,62,83,3.06,broken clouds
72,Port Augusta,AU,-32.5,137.7667,53.74,46,95,19.91,overcast clouds
73,Ponta Do Sol,PT,32.6667,-17.1,74.03,69,94,5.79,overcast clouds
74,Khatanga,RU,71.9667,102.5,31.41,98,100,12.77,light snow
75,Georgetown,MY,5.4112,100.3354,78.73,93,40,3.44,scattered clouds
76,Saint-Philippe,RE,-21.3585,55.7679,63.99,71,4,7.27,clear sky
77,Miri,MY,4.4148,114.0089,77.14,94,40,6.91,moderate rain
78,Nanortalik,GL,60.1432,-45.2371,37.22,89,46,8.77,scattered clouds
79,Hithadhoo,MV,-0.6,73.0833,81.95,78,99,5.08,overcast clouds
80,Kadan,CZ,50.3833,13.2667,50.79,87,34,3.6,scattered clouds
81,Dikson,RU,73.5069,80.5464,35.2,77,100,18.52,overcast clouds
82,Hauterive,FR,46.0901,3.4459,60.58,94,100,3.89,light rain
83,Lake Charles,US,30.2131,-93.2044,86.02,74,40,5.75,scattered clouds
84,Hasaki,JP,35.7333,140.8333,66.6,66,53,16.75,broken clouds
85,Bara,NG,10.3744,10.7288,71.58,84,16,6.13,few clouds
86,Storsteinnes,NO,69.2408,19.2344,46.4,85,54,6.69,broken clouds
87,Pontianak,ID,-0.0333,109.3333,75.18,94,40,3.44,scattered clouds
88,Wahiawa,US,21.5028,-158.0236,84.52,65,40,13.8,scattered clouds
89,Iacu,BR,-12.7672,-40.2117,74.23,45,4,6.31,clear sky
90,Upernavik,GL,72.7868,-56.1549,25.52,63,73,7.52,broken clouds
91,Malyye Derbety,RU,47.9547,44.6808,60.17,51,97,13.15,overcast clouds
92,Kefalos,GR,36.7453,26.9589,75.42,73,0,5.75,clear sky
93,Hamilton,US,39.1834,-84.5333,84.6,57,1,1.01,clear sky
94,Dunedin,NZ,-45.8742,170.5036,55.8,63,52,14.0,broken clouds
95,Airai,TL,-8.9266,125.4092,65.43,38,32,4.56,scattered clouds
96,Chokurdakh,RU,70.6333,147.9167,28.26,70,95,9.48,overcast clouds
97,Mar Del Plata,AR,-38.0023,-57.5575,57.22,94,90,10.36,overcast clouds
98,Torbay,CA,47.6666,-52.7314,57.76,97,90,11.5,moderate rain
99,Sao Filipe,CV,14.8961,-24.4956,80.06,80,97,11.18,overcast clouds
100,Isiro,CD,2.7739,27.616,63.52,98,84,1.01,light rain
101,Barrow,US,71.2906,-156.7887,30.22,86,90,18.41,light snow
102,Kahului,US,20.8947,-156.47,87.82,63,40,23.02,scattered clouds
103,Ossora,RU,59.2353,163.0719,51.6,84,100,5.21,light rain
104,Bathsheba,BB,13.2167,-59.5167,83.01,69,20,8.05,few clouds
105,Hun,LY,29.1268,15.9477,84.67,23,0,8.46,clear sky
106,Paamiut,GL,61.994,-49.6678,36.77,82,93,8.93,overcast clouds
107,Terney,RU,45.0503,136.6092,55.87,55,80,6.76,broken clouds
108,Ostrovnoy,RU,68.0531,39.5131,36.61,80,23,7.29,few clouds
109,Kavieng,PG,-2.5744,150.7967,83.53,70,54,8.72,broken clouds
110,Berlevag,NO,70.8578,29.0864,39.2,76,99,23.17,overcast clouds
111,Kodiak,US,57.79,-152.4072,51.31,76,20,5.75,few clouds
112,Coquimbo,CL,-29.9533,-71.3436,58.73,72,20,11.5,few clouds
113,Chuguyevka,RU,44.1653,133.8633,56.17,70,93,1.12,overcast clouds
114,Victoria,HK,22.2855,114.1577,85.32,86,18,5.55,few clouds
115,Alice Springs,AU,-23.7,133.8833,63.95,63,75,5.75,broken clouds
116,Kimbe,PG,-5.5502,150.1429,84.18,70,88,2.68,overcast clouds
117,Tura,IN,25.5198,90.2201,71.51,98,33,4.09,scattered clouds
118,Lanat,PH,15.8,120.6,77.0,89,100,1.99,overcast clouds
119,Belmonte,BR,-15.8631,-38.8828,75.7,81,27,7.63,scattered clouds
120,Klaksvik,FO,62.2266,-6.589,52.72,87,38,11.74,scattered clouds
121,San Patricio,US,28.017,-97.5169,97.52,40,1,8.97,clear sky
122,Cuiluan,CN,47.72,128.648,45.48,80,100,1.68,overcast clouds
123,Lahaina,US,20.8783,-156.6825,87.8,69,89,9.95,overcast clouds
124,Praia,CV,14.9215,-23.5087,79.34,89,40,6.91,scattered clouds
125,Carnarvon,AU,-24.8667,113.6333,57.27,54,0,10.36,clear sky
126,Tarakan,ID,3.3,117.6333,78.3,89,40,5.75,scattered clouds
127,Port Blair,IN,11.6667,92.75,79.97,85,100,3.51,light rain
128,Uglovskoye,RU,51.3557,80.1942,39.51,68,59,13.27,broken clouds
129,Goderich,CA,43.7501,-81.7165,71.91,60,0,3.44,clear sky
130,Castro,BR,-24.7911,-50.0119,64.31,95,51,4.27,broken clouds
131,Honiara,SB,-9.4333,159.95,82.06,80,97,11.65,overcast clouds
132,Kilindoni,TZ,-7.9139,39.6668,76.62,76,31,18.19,scattered clouds
133,Panguna,PG,-6.3164,155.4848,79.7,66,93,2.13,overcast clouds
134,Bethel,US,41.3712,-73.414,72.48,73,7,4.34,clear sky
135,Supaul,IN,26.1167,86.6,79.41,86,45,6.33,scattered clouds
136,Tighina,MD,46.8306,29.4711,47.28,80,16,3.42,few clouds
137,Sitka,US,57.0531,-135.33,55.29,76,75,4.61,broken clouds
138,Emba,KZ,48.8264,58.1442,42.82,43,28,6.44,scattered clouds
139,Acari,PE,-15.4311,-74.6158,64.4,78,56,4.97,broken clouds
140,Bilibino,RU,68.0546,166.4372,24.15,70,37,4.32,scattered clouds
141,Verkhnyaya Inta,RU,65.9811,60.3094,30.56,94,29,7.38,scattered clouds
142,Prince Rupert,CA,54.3161,-130.3201,55.49,85,90,4.61,light rain
143,Great Yarmouth,GB,52.6083,1.7305,61.23,89,100,3.22,light rain
144,Iqaluit,CA,63.7506,-68.5145,35.33,75,40,13.8,scattered clouds
145,Srednekolymsk,RU,67.45,153.6833,32.32,53,100,19.89,overcast clouds
146,Richards Bay,ZA,-28.783,32.0377,65.55,70,73,16.87,broken clouds
147,Esil,KZ,51.9556,66.4042,35.8,67,7,9.46,clear sky
148,Sioux Lookout,CA,50.1001,-91.917,79.18,61,75,11.5,broken clouds
149,Zelenogradsk,RU,54.9589,20.4767,51.85,66,75,11.18,broken clouds
150,Kencong,ID,-8.2833,113.3667,73.92,87,38,1.43,scattered clouds
151,Cape Town,ZA,-33.9258,18.4232,57.11,90,75,1.01,broken clouds
152,Qujing,CN,25.4833,103.7833,49.69,94,28,2.55,scattered clouds
153,Shuyskoye,RU,59.3736,41.0305,32.63,83,82,5.93,broken clouds
154,Tiksi,RU,71.6872,128.8694,34.48,74,100,19.51,overcast clouds
155,Buala,SB,-8.145,159.5921,82.11,78,100,8.97,moderate rain
156,Asau,RO,46.4333,26.4,48.96,98,44,4.09,scattered clouds
157,Fortuna,US,40.5982,-124.1573,74.19,62,20,8.01,few clouds
158,West Bay,KY,19.3667,-81.4167,87.87,77,20,1.01,few clouds
159,Nyurba,RU,63.2842,118.3319,26.46,81,10,1.92,clear sky
160,Sakakah,SA,29.9697,40.2064,83.77,23,0,1.43,clear sky
161,San Cristobal,VE,7.7669,-72.225,77.18,96,56,2.89,broken clouds
162,Anito,PH,12.4497,125.2886,80.8,83,100,2.62,overcast clouds
163,Teluknaga,ID,-6.0989,106.6381,77.18,88,20,5.75,few clouds
164,Cap Malheureux,MU,-19.9842,57.6142,70.29,66,91,1.99,overcast clouds
165,Acapulco,MX,16.8634,-99.8901,87.62,70,75,4.61,broken clouds
166,High Prairie,CA,55.4334,-116.4858,56.5,51,96,10.71,overcast clouds
167,Ocampo,MX,21.65,-101.5,66.11,60,87,6.08,overcast clouds
168,Te Anau,NZ,-45.4167,167.7167,43.02,96,79,7.25,broken clouds
169,Saldanha,ZA,-33.0117,17.9442,57.25,80,88,8.59,overcast clouds
170,East London,ZA,-33.0153,27.9116,61.2,82,13,9.82,few clouds
171,Redcliffe,AU,-27.2307,153.0973,74.08,77,0,8.05,clear sky
172,Lorengau,PG,-2.0226,147.2712,84.56,69,88,8.41,overcast clouds
173,Esmeraldas,BR,-19.7625,-44.3139,87.04,28,85,10.13,overcast clouds
174,Vostok,RU,46.4856,135.8833,47.43,62,18,2.33,few clouds
175,Westport,US,41.1415,-73.3579,74.98,57,1,4.0,clear sky
176,Saint-Joseph,RE,-21.3667,55.6167,62.98,70,4,5.48,clear sky
177,Sao Joao Da Barra,BR,-21.6403,-41.0511,73.94,88,9,8.75,clear sky
178,Maxixe,MZ,-23.8597,35.3472,64.63,71,0,8.03,clear sky
179,Tahta,EG,26.7693,31.5021,82.72,25,3,5.39,clear sky
180,Geelong,AU,-38.1471,144.3607,55.81,73,26,18.01,light rain
181,Lichuan,CN,30.3,108.85,56.89,96,31,1.63,scattered clouds
182,San Quintin,MX,30.4833,-115.95,71.89,66,0,16.51,clear sky
183,Thompson,CA,55.7435,-97.8558,57.36,77,75,16.11,broken clouds
184,Mahebourg,MU,-20.4081,57.7,70.09,56,40,6.91,scattered clouds
185,San Miguel Chicaj,GT,15.1,-90.4,84.7,84,63,2.1,broken clouds
186,Kawalu,ID,-7.3817,108.2082,70.7,95,76,1.01,broken clouds
187,Padang,ID,-0.9492,100.3543,75.25,84,98,3.51,overcast clouds
188,Togur,RU,58.3631,82.8265,35.73,98,100,6.51,overcast clouds
189,Severo-Kurilsk,RU,50.6789,156.125,50.59,87,99,16.64,overcast clouds
190,Kaitangata,NZ,-46.2817,169.8464,53.24,62,55,4.7,broken clouds
191,Kalabo,ZM,-14.97,22.6814,72.09,27,43,5.77,scattered clouds
192,Kondinskoye,RU,59.6481,67.41,35.91,97,100,13.11,overcast clouds
193,Santa Isabel,BR,-23.3156,-46.2214,74.5,91,9,3.29,clear sky
194,Vagur,FO,61.4732,-6.8119,52.05,89,9,13.47,clear sky
195,Zhigansk,RU,66.7697,123.3711,29.48,86,13,10.58,few clouds
196,Verkh-Chebula,RU,56.0308,87.6218,40.01,89,80,7.05,broken clouds
197,Batagay,RU,67.6333,134.6333,28.83,84,76,3.04,broken clouds
198,Nanpiao,CN,41.0982,120.7479,61.02,96,100,17.18,moderate rain
199,Cherskiy,RU,68.75,161.3,30.92,57,53,7.27,broken clouds
200,Puerto Escondido,MX,15.85,-97.0667,86.83,58,40,4.61,scattered clouds
201,Kihei,US,20.785,-156.4656,87.82,63,40,23.02,scattered clouds
202,Tual,ID,-5.6667,132.75,79.93,81,74,18.05,broken clouds
203,Chuy,UY,-33.6971,-53.4616,61.57,98,100,8.52,overcast clouds
204,Sao Joaquim,BR,-28.2939,-49.9317,59.74,96,43,3.47,scattered clouds
205,Xuddur,SO,4.1213,43.8894,72.16,79,76,17.96,broken clouds
206,Vanimo,PG,-2.6741,141.3028,80.71,77,100,4.59,light rain
207,Duku,NG,11.2361,4.9073,75.07,89,55,2.19,light rain
208,Punto Fijo,VE,11.6956,-70.1996,84.04,66,6,19.57,clear sky
209,Olean,US,42.0776,-78.4297,74.08,63,1,3.44,clear sky
210,Saint-Georges,GD,12.0564,-61.7485,83.88,74,20,0.0,few clouds
211,Grimshaw,CA,56.1834,-117.6027,56.01,50,75,13.8,broken clouds
212,Tuensang,IN,26.2833,94.8333,66.83,99,23,2.21,few clouds
213,Chipinge,ZW,-20.1883,32.6236,52.54,77,4,3.78,clear sky
214,Longyearbyen,SJ,78.2186,15.6401,39.04,93,75,2.3,broken clouds
215,Benguela,AO,-12.5763,13.4055,70.03,85,51,4.12,broken clouds
216,Grindavik,IS,63.8424,-22.4338,48.67,100,90,25.32,light intensity drizzle rain
217,Alexandria,EG,31.2156,29.9553,80.56,78,0,5.75,clear sky
218,Constitucion,CL,-35.3333,-72.4167,50.54,81,2,14.2,clear sky
219,Palm Coast,US,29.585,-81.2078,82.0,73,100,7.0,overcast clouds
220,Yumen,CN,40.2833,97.2,64.96,20,3,7.83,clear sky
221,Rongcheng,CN,30.634,117.8517,69.42,97,100,4.74,heavy intensity rain
222,Buckeye,US,33.3703,-112.5838,102.6,19,0,9.22,clear sky
223,Camargo,MX,27.6667,-105.1667,90.64,19,15,0.65,few clouds
224,Argelia,CO,2.2556,-77.2488,68.13,94,80,3.44,light rain
225,Narsaq,GL,60.9167,-46.05,43.02,85,70,3.0,broken clouds
226,Orel,RU,52.9658,36.0803,48.72,97,100,9.19,overcast clouds
227,Petatlan,MX,17.5167,-101.2667,91.2,72,56,2.77,broken clouds
228,Warmbad,NA,-28.45,18.7333,50.83,68,0,8.93,clear sky
229,Kununurra,AU,-15.7667,128.7333,73.38,83,7,2.3,clear sky
230,Ouargaye,BF,11.5033,0.0572,77.74,81,40,8.01,scattered clouds
231,Hinton,CA,53.4001,-117.5857,53.64,38,100,7.78,overcast clouds
232,General Roca,AR,-39.0333,-67.5833,64.8,27,61,10.27,broken clouds
233,Neryungri,RU,56.6709,124.6491,41.34,66,98,0.74,overcast clouds
234,Xinyu,CN,27.8043,114.9334,74.34,93,35,9.04,scattered clouds
235,Alyangula,AU,-13.8483,136.4192,71.47,83,40,3.44,scattered clouds
236,Saskylakh,RU,71.9167,114.0833,28.35,93,100,4.94,overcast clouds
237,Lincoln,US,40.8,-96.667,90.12,46,93,7.0,overcast clouds
238,Tuatapere,NZ,-46.1333,167.6833,54.82,72,49,10.13,scattered clouds
239,Pevek,RU,69.7008,170.3133,30.76,74,93,6.71,overcast clouds
240,Agaro,ET,7.85,36.65,58.26,96,29,1.97,scattered clouds
241,Lavrentiya,RU,65.5833,-171.0,32.63,59,9,11.65,clear sky
242,Maragogi,BR,-9.0122,-35.2225,74.95,77,56,9.62,broken clouds
243,Najran,SA,17.4924,44.1277,83.05,18,10,3.33,clear sky
244,Kloulklubed,PW,7.0419,134.2556,77.5,72,92,12.15,overcast clouds
245,Sindor,RU,62.8629,51.8905,36.77,74,100,7.76,overcast clouds
246,Korba,IN,22.35,82.6833,73.89,92,94,3.74,overcast clouds
247,Tarnogskiy Gorodok,RU,60.4997,43.5761,37.81,66,100,4.07,overcast clouds
248,Ambulu,ID,-8.345,113.6058,73.67,88,37,2.17,scattered clouds
249,Saint George,US,37.1041,-113.5841,94.62,14,1,1.99,clear sky
250,Yerbogachen,RU,61.2767,108.0108,39.22,96,97,1.39,overcast clouds
251,Rudnichnyy,RU,59.617,52.4703,31.71,94,80,6.62,broken clouds
252,San Giovanni In Fiore,IT,39.2633,16.6996,64.87,83,4,7.83,clear sky
253,Sobolevo,RU,54.4299,31.8996,42.71,95,100,13.35,overcast clouds
254,Lake City,US,30.1897,-82.6393,77.04,89,96,4.56,moderate rain
255,Sambava,MG,-14.2667,50.1667,70.77,85,100,13.27,light rain
256,Luang Prabang,LA,19.8856,102.1347,71.22,100,99,1.66,overcast clouds
257,Watertown,US,42.3709,-71.1828,69.75,69,20,8.05,few clouds
258,Yeppoon,AU,-23.1333,150.7333,67.78,62,5,9.28,clear sky
259,Noblesville,US,40.0456,-86.0086,86.11,55,97,5.84,overcast clouds
260,Sidney,AU,-33.8679,151.2073,69.31,43,0,5.01,clear sky
261,Pustoshka,RU,56.3355,29.369,38.59,97,100,12.68,moderate rain
262,Tacoronte,ES,28.4769,-16.4102,69.26,84,40,13.0,scattered clouds
263,Vardo,NO,70.3705,31.1107,43.0,75,100,23.49,overcast clouds
264,Baiao,BR,-2.7906,-49.6717,80.19,72,94,4.47,overcast clouds
265,Nioro,GM,13.35,-15.75,78.1,88,100,4.05,overcast clouds
266,Gumdag,TM,39.2061,54.5906,73.11,21,0,21.79,clear sky
267,Corinto,GR,37.9407,22.9573,80.76,67,0,7.09,clear sky
268,Pangody,RU,65.85,74.4859,36.09,96,100,16.91,overcast clouds
269,Khambhaliya,IN,22.2072,69.6683,79.43,87,6,10.29,clear sky
270,Powell,US,40.1578,-83.0752,86.16,55,1,8.05,clear sky
271,Manali,IN,13.1667,80.2667,78.89,79,96,5.7,overcast clouds
272,Mount Gambier,AU,-37.8333,140.7667,46.31,81,75,20.71,light intensity shower rain
273,Adrar,MR,20.5022,-10.0711,90.52,26,3,24.32,clear sky
274,Ambon,ID,-3.6954,128.1814,75.34,94,75,4.61,very heavy rain
275,Urumqi,CN,43.801,87.6005,72.55,25,0,13.42,clear sky
276,Unity,CA,52.4501,-109.1682,62.26,28,46,16.96,scattered clouds
277,Cabo San Lucas,MX,22.8909,-109.9124,93.51,66,20,10.36,few clouds
278,Portland,US,45.5234,-122.6762,69.13,78,75,4.0,broken clouds
279,Codrington,AU,-38.2667,141.9667,48.69,78,53,21.45,light rain
280,Redlands,US,34.0556,-117.1825,95.27,27,1,9.22,clear sky
281,Neka,IR,36.6508,53.299,68.36,81,0,1.48,clear sky
282,Arona,ES,28.0996,-16.681,68.83,71,40,19.57,scattered clouds
283,Saint-Augustin,CA,51.226,-58.6502,51.1,49,6,9.33,clear sky
284,Changying,CN,52.8733,123.3213,43.03,74,5,5.44,clear sky
285,Mananara,MG,-16.1667,49.7667,68.13,86,99,7.29,light rain
286,Touros,BR,-5.1989,-35.4608,77.9,78,100,18.48,overcast clouds
287,Nyrob,RU,60.733,56.7202,33.26,90,95,7.83,overcast clouds
288,Maniitsoq,GL,65.4167,-52.9,35.69,57,86,15.19,overcast clouds
289,Necochea,AR,-38.5473,-58.7368,53.04,95,65,10.92,light rain
290,Raudeberg,NO,61.9875,5.1352,55.87,86,100,1.01,overcast clouds
291,Shetpe,KZ,44.1667,52.1167,66.6,34,92,17.96,overcast clouds
292,Aloleng,PH,16.1307,119.7824,79.48,82,94,4.65,overcast clouds
293,Rankovce,MK,42.1696,22.1162,57.67,67,0,2.68,clear sky
294,Bandarbeyla,SO,9.4942,50.8122,78.6,77,88,21.65,overcast clouds
295,Vila Franca Do Campo,PT,37.7167,-25.4333,68.41,74,68,9.44,broken clouds
296,Shingu,JP,33.7333,135.9833,73.9,86,98,6.38,overcast clouds
297,Gorgan,IR,36.8387,54.4348,67.96,83,0,0.0,clear sky
298,Cabcab,PH,13.6268,124.0515,82.18,78,100,1.14,overcast clouds
299,Lazaro Cardenas,MX,17.9583,-102.2,83.62,76,82,7.47,broken clouds
300,Korhogo,CI,9.45,-5.6333,72.27,89,70,3.62,broken clouds
301,Tasiilaq,GL,65.6145,-37.6368,35.76,74,85,1.3,overcast clouds
302,Impfondo,CG,1.6381,18.0667,67.93,98,97,3.09,overcast clouds
303,Natal,BR,-5.795,-35.2094,79.02,78,0,11.5,clear sky
304,Lagoa,PT,39.05,-27.9833,68.65,63,62,11.97,broken clouds
305,Nivala,FI,63.9167,24.9667,40.68,67,93,3.74,overcast clouds
306,Champerico,GT,14.3,-91.9167,87.35,76,88,5.08,overcast clouds
307,Clarence Town,AU,-32.5833,151.7833,67.06,36,0,5.95,clear sky
308,Port Hardy,CA,50.6996,-127.4199,57.38,94,75,2.3,light intensity shower rain
309,Souillac,MU,-20.5167,57.5167,70.18,56,40,6.91,scattered clouds
310,Bengkulu,ID,-3.8004,102.2655,73.33,90,82,2.75,moderate rain
311,Santo Antonio Do Sudoeste,BR,-26.0736,-53.7253,74.61,60,100,3.24,overcast clouds
312,Hami,CN,42.8,93.45,72.63,19,51,5.35,broken clouds
313,Arman,RU,59.7,150.1667,49.12,76,100,6.38,overcast clouds
314,Zabolotovka,RU,50.2737,39.3147,56.95,93,100,10.22,overcast clouds
315,Nishihara,JP,26.1842,127.7558,78.85,81,20,6.91,few clouds
316,Dawson Creek,CA,55.7666,-120.2362,56.84,54,1,14.97,clear sky
317,Soyo,AO,-6.1349,12.3689,73.92,77,54,5.08,broken clouds
318,Yatou,CN,37.15,122.3833,73.04,84,100,22.7,moderate rain
319,Pokrovskoye,RU,47.4157,38.8971,63.45,89,99,10.04,overcast clouds
320,Osoyoos,CA,49.0331,-119.4524,69.39,52,84,1.14,broken clouds
321,Dauphin,CA,51.1494,-100.0502,69.94,37,1,13.8,clear sky
322,Kruisfontein,ZA,-34.0033,24.7314,50.88,89,38,6.08,scattered clouds
323,Alcudia,ES,39.8532,3.1214,72.25,75,42,7.11,scattered clouds
324,Kaeo,NZ,-35.1,173.7833,65.32,64,26,6.89,scattered clouds
325,Abay,KZ,49.6311,72.8539,30.58,62,0,9.44,clear sky
326,Zhumadian,CN,32.9794,114.0294,64.44,88,100,5.41,light rain
327,Hovd,MN,48.0056,91.6419,58.28,36,6,8.77,clear sky
328,Tumaco,CO,1.7986,-78.8156,77.68,86,71,8.81,light rain
329,Kasongo-Lunda,CD,-6.4667,16.8167,72.46,69,72,1.43,broken clouds
330,Nipawin,CA,53.3668,-104.0009,64.44,39,1,17.27,clear sky
331,Sorgun,TR,39.8101,35.186,62.28,46,1,5.39,clear sky
332,Ilulissat,GL,69.2167,-51.1,23.02,58,100,6.91,overcast clouds
333,Puri,IN,19.8,85.85,79.32,79,100,4.63,overcast clouds
334,Praia Da Vitoria,PT,38.7333,-27.0667,70.05,83,75,10.56,broken clouds
335,Port-Gentil,GA,-0.7193,8.7815,78.76,78,90,11.5,overcast clouds
336,Zapolyarnyy,RU,69.4154,30.8136,36.68,83,87,10.58,overcast clouds
337,Estevan,CA,49.1334,-102.9842,62.22,51,90,16.11,moderate rain
338,Noumea,NC,-22.2763,166.4572,73.38,56,8,12.86,clear sky
339,Mersing,MY,2.4312,103.8405,75.11,94,100,4.61,overcast clouds
340,Puksoozero,RU,62.5903,40.6066,32.54,93,55,4.12,broken clouds
341,Arawa,PG,-6.2132,155.5367,84.78,71,91,3.71,light rain
342,Aswan,EG,24.0934,32.907,85.3,21,0,5.75,clear sky
343,Xam Nua,LA,20.4197,104.0439,66.06,99,100,1.68,overcast clouds
344,Farah,AF,32.5,62.5,70.32,23,0,2.68,clear sky
345,Ketchikan,US,55.3422,-131.6461,55.87,88,90,12.66,light rain
346,Guerrero Negro,MX,27.9769,-114.0611,74.01,65,1,19.3,clear sky
347,Sooke,CA,48.3746,-123.7276,64.56,67,42,9.55,scattered clouds
348,Rio Grande,BR,-32.035,-52.0986,64.94,97,100,8.68,moderate rain
349,French Harbor,HN,16.35,-86.4333,87.8,82,20,5.01,few clouds
350,Agadir,MA,30.4202,-9.5982,68.45,84,27,6.22,scattered clouds
351,Pisco,PE,-13.7,-76.2167,62.65,77,0,21.85,clear sky
352,Tlacotepec,MX,20.0667,-97.8667,67.59,94,91,1.28,overcast clouds
353,Anda,CN,46.4,125.3167,48.97,82,100,7.45,overcast clouds
354,Ismailia,EG,30.6043,32.2723,72.88,72,0,5.3,clear sky
355,Husavik,IS,66.0449,-17.3389,46.31,87,99,5.08,overcast clouds
356,Muscat,OM,23.6139,58.5922,87.82,67,59,4.56,broken clouds
357,Micheweni,TZ,-4.9667,39.8333,75.81,82,11,13.67,few clouds
358,Hurricane,US,37.1753,-113.2899,92.7,15,0,23.13,clear sky
359,Innisfail,AU,-17.5333,146.0333,72.77,74,100,8.46,overcast clouds
360,Manokwari,ID,-0.8667,134.0833,81.3,76,99,10.8,overcast clouds
361,Pandan,PH,14.0453,124.1694,81.48,85,100,7.2,overcast clouds
362,Pastavy,BY,55.1168,26.8326,38.55,97,100,13.65,overcast clouds
363,Talnakh,RU,69.4865,88.3972,35.1,90,100,6.85,overcast clouds
364,Poum,NC,-20.2333,164.0167,72.57,62,6,15.93,clear sky
365,Tommot,RU,58.9564,126.2925,38.86,84,98,4.81,overcast clouds
366,Bowen,AU,-20.0167,148.2333,71.82,60,83,12.75,broken clouds
367,Ancud,CL,-41.8697,-73.8203,49.53,85,33,7.27,scattered clouds
368,Clarksburg,US,39.2807,-80.3445,86.11,54,1,6.91,clear sky
369,Cayenne,GF,4.9333,-52.3333,84.09,78,0,3.0,clear sky
370,Bac Lieu,VN,9.285,105.7244,78.46,84,100,3.06,overcast clouds
371,Dekar,BW,-21.5333,21.9333,71.55,34,22,8.48,few clouds
372,Northam,GB,51.0333,-4.2167,59.4,84,2,6.73,clear sky
373,Esperance,AU,-33.8667,121.9,51.64,65,63,10.51,broken clouds
374,Marsabit,KE,2.3284,37.9899,65.75,49,43,20.89,scattered clouds
375,Luderitz,NA,-26.6481,15.1594,54.1,86,0,9.82,clear sky
376,Tilichiki,RU,60.4667,166.1,48.42,74,100,5.21,overcast clouds
377,Kalmunai,LK,7.4167,81.8167,79.77,83,65,5.19,broken clouds
378,Isangel,VU,-19.55,169.2667,75.31,69,75,5.75,broken clouds
379,Rio Gallegos,AR,-51.6226,-69.2181,51.85,43,75,13.8,broken clouds
380,Svetlyy,RU,54.675,20.1347,51.85,67,96,11.74,overcast clouds
381,Lata,PT,40.1629,-8.3327,62.08,97,10,1.88,clear sky
382,Iskilip,TR,40.7353,34.4739,64.17,53,16,0.83,few clouds
383,Dagda,LV,56.0951,27.5372,38.28,98,100,11.68,light rain
384,Port Lincoln,AU,-34.7333,135.8667,53.06,58,79,23.26,broken clouds
385,Atambua,ID,-9.1061,124.8925,75.38,64,22,4.27,few clouds
386,Krasnoarmeysk,RU,51.0239,45.6969,49.3,46,100,12.64,overcast clouds
387,Trinidad,BO,-14.8333,-64.9,87.78,62,75,0.0,smoke
388,Arteaga,MX,18.4667,-102.4167,72.95,72,73,2.24,broken clouds
389,Zastron,ZA,-30.3023,27.084,55.0,46,77,3.2,broken clouds
390,Mumford,GH,5.2618,-0.759,75.72,93,92,9.73,overcast clouds
391,Opuwo,NA,-18.0607,13.84,67.75,31,0,6.89,clear sky
392,Ewa Beach,US,21.3156,-158.0072,87.75,54,40,12.66,scattered clouds
393,Kushima,JP,31.4583,131.2333,71.64,80,10,4.54,clear sky
394,Asfi,MA,32.2994,-9.2372,68.99,82,38,11.34,scattered clouds
395,Yaan,NG,7.3833,8.5667,74.1,93,65,5.88,broken clouds
396,Camacha,PT,33.0833,-16.3333,70.56,68,75,13.8,broken clouds
397,Faya,SA,18.3851,42.4509,68.11,22,60,4.43,broken clouds
398,Tornio,FI,65.8481,24.1466,42.82,61,94,8.81,overcast clouds
399,Okhotsk,RU,59.3833,143.3,47.43,77,100,9.17,overcast clouds
400,Mezen,RU,65.8522,44.24,40.82,67,100,4.88,overcast clouds
401,Port Hedland,AU,-20.3167,118.5667,62.65,45,19,8.05,few clouds
402,Mehamn,NO,71.0357,27.8492,39.15,81,0,13.8,clear sky
403,Takoradi,GH,4.8845,-1.7554,75.34,93,31,7.02,scattered clouds
404,Whitehorse,CA,60.7161,-135.0538,51.1,53,75,6.91,broken clouds
405,Nalut,LY,30.3333,10.85,83.08,17,0,9.82,clear sky
406,Nha Trang,VN,12.25,109.1833,75.2,89,98,4.47,overcast clouds
407,Saint Anthony,US,45.0205,-93.218,89.74,45,1,5.99,clear sky
408,Roebourne,AU,-20.7833,117.1333,75.88,20,1,17.02,clear sky
409,Nsanje,MW,-16.92,35.262,66.02,61,4,3.91,clear sky
410,Mizdah,LY,31.4451,12.9801,78.04,23,0,3.94,clear sky
411,Resistencia,AR,-27.4606,-58.9839,95.05,40,83,10.36,smoke
412,Sorong,ID,-0.8833,131.25,78.73,85,100,4.83,light rain
413,Le Vauclin,MQ,14.5452,-60.8388,84.33,65,0,8.05,clear sky
414,Qostanay,KZ,53.1667,63.5833,34.45,76,8,11.7,clear sky
415,Antalaha,MG,-14.9003,50.2788,69.91,85,100,10.83,light rain
416,Bambous Virieux,MU,-20.3428,57.7575,70.05,56,40,6.91,scattered clouds
417,Provideniya,RU,64.3833,-173.3,33.91,55,20,13.42,few clouds
418,Funadhoo,MV,6.15,73.2667,81.9,80,55,12.01,broken clouds
419,Tomatlan,MX,19.9333,-105.25,77.52,93,100,2.64,overcast clouds
420,Luorong,CN,24.4058,109.6086,76.53,91,94,0.72,overcast clouds
421,Andijon,UZ,40.7821,72.3442,69.15,55,0,2.3,clear sky
422,College,US,64.8569,-147.8028,47.66,64,75,5.75,broken clouds
423,Kiruna,SE,67.8557,20.2251,40.12,75,90,9.22,overcast clouds
424,Ushtobe,KZ,45.2514,77.9838,52.09,32,22,5.32,few clouds
425,Ahuimanu,US,21.4447,-157.8378,87.51,59,40,12.66,scattered clouds
426,Edd,ER,13.9297,41.6925,89.24,61,100,8.79,overcast clouds
427,Baoning,CN,25.3378,110.026,76.86,88,75,4.47,broken clouds
428,Fare,PF,-16.7,-151.0167,78.69,70,38,18.9,scattered clouds
429,Baijiantan,CN,45.6333,85.1833,73.81,16,80,34.58,broken clouds
430,Poya,NC,-21.35,165.15,75.18,47,3,3.71,clear sky
431,Labuhan,ID,-6.8844,112.2051,77.22,78,28,9.4,scattered clouds
432,Sept-Iles,CA,50.2001,-66.3821,54.12,82,20,5.01,few clouds
433,Kenai,US,60.5544,-151.2583,58.03,54,1,8.05,clear sky
434,Talcahuano,CL,-36.7167,-73.1167,55.08,67,20,17.27,few clouds
435,Puerto Colombia,CO,10.9878,-74.9547,84.29,76,87,10.54,overcast clouds
436,Mandera,KE,3.9366,41.867,78.08,61,49,18.54,scattered clouds
437,Murgab,TM,37.4966,61.9714,62.47,42,0,4.61,clear sky
438,Uvinza,TZ,-5.1036,30.3911,70.83,58,96,0.98,overcast clouds
439,Sucre,BO,-19.0333,-65.2627,67.01,40,3,12.46,clear sky
440,Enid,US,36.3956,-97.8784,96.48,30,1,8.01,clear sky
441,Sangar,RU,63.9242,127.4739,34.29,85,41,7.67,scattered clouds
442,Kilinochchi,LK,9.3961,80.3982,78.01,90,55,7.18,broken clouds
443,Saint-Jean-De-Maurienne,FR,45.1667,6.5833,34.7,96,81,5.64,broken clouds
444,Lodja,CD,-3.4833,23.4333,69.24,92,97,0.51,overcast clouds
445,Miandrivazo,MG,-19.5167,45.4667,69.8,58,32,4.0,scattered clouds
446,Joshimath,IN,30.5667,79.5667,68.2,90,85,0.6,overcast clouds
447,Oytal,KZ,42.9057,73.2697,56.97,36,23,1.43,few clouds
448,Hofn,IS,64.2539,-15.2082,50.43,84,83,13.15,light rain
449,Salalah,OM,17.0151,54.0924,80.69,89,75,5.75,broken clouds
450,Coihaique,CL,-45.5752,-72.0662,48.15,53,40,6.91,scattered clouds
451,Kidal,ML,18.4411,1.4078,90.57,16,2,4.5,clear sky
452,Egvekinot,RU,66.3167,-179.1667,26.92,55,0,2.26,clear sky
453,Ikom,NG,5.9667,8.7063,73.44,98,64,2.17,broken clouds
454,Esqueda,MX,30.7167,-109.5833,90.0,25,15,17.09,few clouds
455,Axim,GH,4.8699,-2.2405,75.16,93,16,6.78,few clouds
456,Gravdal,NO,68.1214,13.5031,50.83,78,100,13.33,overcast clouds
457,Brae,GB,60.3964,-1.353,51.71,91,100,11.01,overcast clouds
458,Hirson,FR,49.9226,4.0826,56.52,86,100,1.63,overcast clouds
459,Launceston,AU,-41.45,147.1667,49.8,77,90,5.01,overcast clouds
460,Koslan,RU,63.4564,48.8989,37.44,72,100,6.89,overcast clouds
461,Renqiu,CN,38.6989,116.0936,60.48,94,100,19.77,light rain
462,Birao,CF,10.2849,22.7882,72.75,90,100,1.79,light rain
463,Lompoc,US,34.6391,-120.4579,87.21,68,1,21.85,clear sky
464,Russell,US,32.3502,-85.1999,76.98,91,90,0.0,overcast clouds
465,Bambanglipuro,ID,-7.95,110.2833,75.22,88,61,7.29,broken clouds
466,Gazli,UZ,40.1333,63.45,65.98,24,0,16.49,clear sky
467,Upata,VE,8.0086,-62.3989,78.19,90,55,1.95,broken clouds
468,Dawlatabad,AF,36.4141,64.9053,67.98,24,0,3.38,clear sky
469,Lusambo,CD,-4.9667,23.45,70.36,87,88,3.06,overcast clouds
470,Khani,GE,41.9563,42.9566,54.97,66,57,4.18,broken clouds
471,Hakkari,TR,37.5833,44.1667,50.4,55,0,1.34,clear sky
472,Nelson Bay,AU,-32.7167,152.15,64.29,66,0,1.01,clear sky
473,Rolla,US,37.9514,-91.7713,81.59,61,20,4.0,few clouds
474,Belyy Yar,RU,53.6039,91.3903,51.69,66,0,4.47,clear sky
475,Dire,ML,12.2833,-10.9667,74.07,94,96,2.35,light rain
476,Hambantota,LK,6.1241,81.1185,79.43,86,41,11.92,scattered clouds
477,Tigil,RU,57.8,158.6667,55.04,61,80,9.42,broken clouds
478,Seymchan,RU,62.8833,152.4333,38.14,83,100,11.1,overcast clouds
479,Geraldton,AU,-28.7667,114.6,55.81,76,0,11.5,clear sky
480,Comodoro Rivadavia,AR,-45.8667,-67.5,51.66,62,0,8.05,clear sky
481,Rundu,NA,-17.9333,19.7667,73.76,28,9,5.79,clear sky
482,Devonport,AU,-41.1667,146.35,50.09,82,88,15.73,overcast clouds
483,Saint Cloud,US,45.5608,-94.1625,88.21,45,1,1.99,clear sky
484,Shimoda,JP,34.6667,138.95,73.6,61,2,15.82,clear sky
485,Umm Kaddadah,SD,13.6017,26.6876,87.53,41,87,9.06,overcast clouds
486,Karratha,AU,-20.7377,116.8463,75.56,23,1,13.71,clear sky
487,Salinas,US,36.6777,-121.6555,82.99,65,1,18.41,clear sky
488,Itarema,BR,-2.9248,-39.9167,78.53,77,97,16.71,overcast clouds
489,Puerto Del Rosario,ES,28.5004,-13.8627,73.15,64,34,10.36,scattered clouds
490,Ahlat,TR,38.7518,42.4814,57.63,41,0,5.55,clear sky
491,Nyanguge,TZ,-2.55,33.2,71.96,74,62,4.68,broken clouds
492,Alihe,CN,50.5667,123.7167,44.42,78,1,1.39,clear sky
493,Ixtapa,MX,20.7,-105.2,81.63,83,90,10.36,overcast clouds
494,Ures,MX,29.4333,-110.4,98.71,40,0,8.84,clear sky
495,Padampur,IN,29.6833,73.6167,86.86,60,10,5.77,clear sky
496,Taseyevo,RU,57.2169,94.8978,47.3,94,100,2.91,overcast clouds
497,Pathein,MM,16.7833,94.7333,76.59,94,100,4.41,overcast clouds
498,Zhangye,CN,38.9342,100.4517,60.12,38,0,7.11,clear sky
499,Santa Rosa,PH,14.3122,121.1114,78.78,89,100,2.68,moderate rain
500,Kailua,US,21.4022,-157.7394,87.78,61,39,12.66,scattered clouds
501,Khorixas,NA,-20.3667,14.9667,61.59,47,0,3.71,clear sky
502,Verdun,FR,49.25,5.3333,60.1,98,94,3.13,light rain
503,Xining,CN,36.6167,101.7667,43.84,73,3,2.68,clear sky
504,Lazarev,RU,52.225,141.5131,52.34,55,5,13.94,clear sky
505,Ayagoz,KZ,47.9714,80.4392,41.27,57,24,8.25,few clouds
506,Ambilobe,MG,-13.2,49.05,73.27,74,93,5.95,overcast clouds
507,Biu,NG,10.6129,12.1946,71.67,73,61,2.86,broken clouds
508,Timizart,DZ,36.8,4.2667,69.08,83,0,5.48,clear sky
509,Nuuk,GL,64.1835,-51.7216,36.21,64,75,5.75,broken clouds
510,Victor Harbor,AU,-35.5667,138.6167,55.8,78,56,1.01,light rain
511,Terrace Bay,CA,48.7834,-87.1,71.22,88,99,10.6,overcast clouds
512,El Angel,EC,0.6167,-77.9333,47.8,81,51,3.2,light rain
513,Anadyr,RU,64.75,177.4833,34.3,64,20,4.47,few clouds
514,Umbauba,BR,-11.3833,-37.6578,68.54,91,21,4.88,few clouds
515,Taltal,CL,-25.4,-70.4833,60.57,78,15,2.21,few clouds
516,Mount Isa,AU,-20.7333,139.5,78.57,29,4,8.05,clear sky
517,Sao Miguel Do Araguaia,BR,-13.275,-50.1628,88.27,15,9,3.62,clear sky
518,Genhe,CN,50.7833,121.5167,41.47,79,5,0.87,clear sky
519,Pacific Grove,US,36.6177,-121.9166,82.58,74,1,5.01,clear sky
520,Broome,US,42.2506,-75.833,66.97,45,0,3.15,clear sky
521,Mokhsogollokh,RU,61.4681,128.9203,32.29,77,58,9.06,broken clouds
522,Hit,IQ,33.6416,42.8251,82.17,25,0,7.83,clear sky
523,Arlit,NE,18.7369,7.3853,93.11,12,38,5.97,scattered clouds
524,Mahibadhoo,MV,3.7833,72.9667,82.13,78,83,7.09,broken clouds
525,Buchanan,LR,5.8808,-10.0467,77.07,87,95,5.57,light rain
526,Beira,MZ,-19.8436,34.8389,62.69,82,0,6.91,clear sky
527,Roura,GF,4.7263,-52.3274,83.97,88,0,2.3,clear sky
528,Pamanukan,ID,-6.2842,107.8106,76.51,76,6,5.37,clear sky
529,Kremenki,RU,54.885,37.1261,45.5,94,100,16.98,light rain
530,Camacupa,AO,-12.0167,17.4833,63.75,75,22,4.97,few clouds
531,Perth,AU,-31.9333,115.8333,53.1,74,0,23.02,clear sky
532,Bendorf,DE,50.4333,7.5667,57.58,89,99,2.93,overcast clouds
533,Walvis Bay,NA,-22.9575,14.5053,55.09,76,3,2.3,clear sky
534,Lethem,GY,3.3803,-59.7968,80.8,72,82,2.86,broken clouds
535,Les Cayes,HT,18.2,-73.75,80.71,79,61,4.14,broken clouds
536,Severnyy,RU,50.677,36.5532,51.84,100,90,2.24,fog
537,Oktyabrskiy,RU,54.4815,53.471,34.81,78,87,2.35,overcast clouds
538,Turukhansk,RU,65.8167,87.9833,37.96,90,97,2.33,overcast clouds
539,Havoysund,NO,70.9963,24.6622,47.28,75,95,10.94,overcast clouds
540,Gayeri,BF,12.6497,0.4931,78.8,71,3,4.74,moderate rain
541,Celestun,MX,20.8667,-90.4,83.73,76,20,14.29,few clouds
542,Oistins,BB,13.0667,-59.5333,82.49,69,20,8.05,few clouds
543,Kapit,MY,2.0167,112.9333,73.83,96,93,0.38,overcast clouds
544,Lasa,IT,46.6166,10.7002,52.68,99,100,5.59,overcast clouds
545,Andenes,NO,69.3143,16.1194,45.46,81,90,8.05,overcast clouds
546,Mumbwa,ZM,-14.9783,27.0619,66.18,55,0,5.39,clear sky
547,Tukrah,LY,32.5341,20.5791,82.36,36,0,3.87,clear sky
548,Korampallam,IN,8.7667,78.1,81.48,74,74,7.67,broken clouds
549,Guiratinga,BR,-16.3494,-53.7583,84.85,14,7,7.09,clear sky
550,Sisimiut,GL,66.9395,-53.6735,33.08,60,100,9.62,overcast clouds
551,Bennington,US,42.8781,-73.1968,66.76,72,1,3.44,clear sky
552,Omboue,GA,-1.5746,9.2618,75.6,83,53,6.11,broken clouds
553,Show Low,US,34.2542,-110.0298,83.08,40,40,18.41,scattered clouds
554,Borisoglebskiy,RU,57.2586,39.1508,37.04,75,100,14.05,overcast clouds
555,Kota Kinabalu,MY,5.9749,116.0724,76.98,94,20,1.14,few clouds
556,Iberia,US,29.9502,-91.7507,86.05,66,1,4.61,clear sky
557,Kampene,CD,-3.6,26.6667,67.14,99,100,2.33,light rain
558,Abnub,EG,27.2696,31.1511,82.62,30,1,4.7,clear sky
559,Firminopolis,BR,-16.5819,-50.305,81.97,15,30,1.7,scattered clouds
560,Samarai,PG,-10.6167,150.6667,78.84,88,99,15.35,overcast clouds
561,Petropavlovsk-Kamchatskiy,RU,53.0452,158.6483,48.79,100,90,6.71,light intensity shower rain
562,Vao,NC,-22.6667,167.4833,67.28,66,100,13.62,overcast clouds
563,Preobrazheniye,RU,42.9019,133.9064,64.47,74,95,10.67,overcast clouds
564,Mogapi,BW,-22.323,27.8349,59.09,54,2,5.23,clear sky
565,Kano,NG,12.0001,8.5167,75.09,78,0,8.05,clear sky
566,Pandan Niog,PH,6.2282,120.5631,83.59,65,100,2.59,moderate rain
567,Palmer,US,42.1584,-72.3287,69.93,65,9,2.59,clear sky
568,Garowe,SO,8.4054,48.4845,77.05,65,81,14.83,broken clouds
569,Jacareacanga,BR,-6.2222,-57.7528,81.77,61,86,0.38,light rain
570,Hastings,GB,50.8552,0.5729,62.35,99,100,6.53,overcast clouds
571,Nome,US,64.5011,-165.4064,40.15,49,40,8.05,scattered clouds
572,Pilar,BR,-9.5972,-35.9567,75.13,91,81,5.06,broken clouds
573,Batticaloa,LK,7.7102,81.6924,81.72,78,87,3.87,overcast clouds
574,Kodinsk,RU,58.6881,99.1844,47.34,93,100,4.05,light rain
575,Novo Aripuana,BR,-5.1206,-60.3797,80.82,64,72,2.8,broken clouds
576,Bintulu,MY,3.1667,113.0333,75.61,100,40,5.75,scattered clouds
577,Nova Granada,BR,-20.5339,-49.3142,91.65,23,10,4.54,clear sky
578,Namibe,AO,-15.1961,12.1522,61.05,84,16,4.72,few clouds
579,Hobyo,SO,5.3505,48.5268,77.04,82,95,25.23,overcast clouds
580,Terme,TR,41.2092,36.9739,66.13,84,3,3.18,clear sky
581,Alugan,PH,12.2188,125.4808,81.66,79,97,3.2,light rain
582,Kingsport,US,36.5484,-82.5618,81.79,65,75,5.75,broken clouds
583,Lakes Entrance,AU,-37.8811,147.981,56.57,78,100,14.61,light rain
584,Bubaque,GW,11.2833,-15.8333,80.65,82,100,10.54,light rain
585,Patos De Minas,BR,-18.5789,-46.5181,80.31,25,60,3.78,broken clouds
586,Beringovskiy,RU,63.05,179.3167,37.87,77,100,6.2,overcast clouds
587,Barretos,BR,-20.5572,-48.5678,87.6,23,7,0.4,clear sky
588,Berdigestyakh,RU,62.0989,126.6992,31.62,83,52,8.79,broken clouds
589,Ramnicu Sarat,RO,45.3833,27.05,56.48,67,46,6.17,scattered clouds
590,Cockburn Town,TC,21.4612,-71.1419,84.16,70,40,10.36,scattered clouds
591,Carutapera,BR,-1.195,-46.02,78.48,80,84,7.81,broken clouds
592,Leh,IN,34.1667,77.5833,57.81,37,0,3.36,clear sky
593,Shelburne,CA,44.0787,-80.2041,70.25,55,0,6.85,clear sky
594,Sirjan,IR,29.452,55.6814,72.97,24,31,6.76,scattered clouds
595,Soe,ID,-9.8607,124.284,69.6,71,58,6.58,broken clouds
596,Khanpur,PK,28.6453,70.6567,91.26,41,54,6.76,broken clouds
597,Quelimane,MZ,-17.8786,36.8883,62.55,88,0,1.14,clear sky
598,Blairmore,CA,49.6,-114.4353,58.12,54,98,11.5,overcast clouds
599,Kalachinsk,RU,55.0529,74.5751,34.27,97,100,11.83,light rain
600,Almeirim,BR,-1.5233,-52.5817,81.45,70,56,4.14,broken clouds
601,Muroto,JP,33.2833,134.15,73.44,73,62,10.71,broken clouds
602,Lyubotyn,UA,49.95,35.9667,53.35,81,77,4.09,moderate rain
603,Tignere,CM,7.3667,12.65,64.63,92,68,1.03,broken clouds
604,Harper,LR,4.375,-7.7169,77.72,84,74,4.36,light rain
605,Japura,ID,-0.3167,102.35,70.03,95,74,1.21,broken clouds
606,Kuytun,RU,54.3419,101.5036,46.54,93,99,6.67,overcast clouds
607,Bad Wildungen,DE,51.1196,9.1248,50.85,66,75,2.3,broken clouds
608,Aleksandrovsk-Sakhalinskiy,RU,50.8975,142.1561,54.91,60,18,9.51,few clouds
609,Belaya Gora,RU,68.5333,146.4167,28.63,69,100,13.85,overcast clouds
610,Malkerns,SZ,-26.5667,31.1833,61.59,53,0,4.21,clear sky
611,Sabang,ID,5.8933,95.3214,78.01,84,100,26.75,light rain
612,Ryotsu,JP,38.0833,138.4333,64.36,62,12,12.46,few clouds
613,Hagere Hiywet,ET,8.9833,37.85,56.32,83,55,2.51,broken clouds
614,Mayumba,GA,-3.432,10.6554,74.01,80,24,2.73,few clouds
615,Yenagoa,NG,4.9247,6.2642,75.87,93,96,2.73,overcast clouds
616,Poso,ID,-1.3959,120.7524,77.88,83,95,3.69,overcast clouds
617,Havre-Saint-Pierre,CA,50.2334,-63.5986,53.6,82,1,14.97,clear sky
618,Energetik,RU,51.7445,58.7934,37.81,66,35,7.31,scattered clouds
619,Alta Floresta,BR,-9.8756,-56.0861,83.26,31,1,3.0,clear sky
620,Kaspiysk,RU,42.8816,47.6392,60.98,88,8,8.95,clear sky
621,Mahanoro,MG,-19.9,48.8,65.59,85,100,3.4,light rain
622,Morondava,MG,-20.2833,44.2833,66.61,60,5,7.45,clear sky
623,Plettenberg Bay,ZA,-34.0527,23.3716,55.4,86,34,4.61,scattered clouds
624,Nemuro,JP,43.3236,145.575,58.86,70,81,7.36,broken clouds
625,Arkhangelsk,RU,64.5401,40.5433,41.11,87,90,2.24,overcast clouds
626,Diapaga,BF,12.0708,1.7889,79.38,74,21,5.99,few clouds
627,Fort Nelson,CA,58.8053,-122.7002,56.79,47,75,5.75,broken clouds
628,Sipkovica,MK,42.035,20.9156,57.96,69,0,5.7,clear sky
629,Zhezkazgan,KZ,47.8043,67.7144,43.43,43,0,5.03,clear sky
630,Karpathos,GR,35.507,27.2132,80.56,47,0,12.66,clear sky
631,Sirvintos,LT,55.05,24.95,41.81,97,100,12.64,overcast clouds
632,Platteville,US,42.7342,-90.4785,90.59,45,1,11.5,clear sky
633,Tabou,CI,4.423,-7.3528,77.72,86,66,4.56,light rain
634,Grenfell,AU,-33.9,148.1667,53.15,49,0,10.13,clear sky
635,Gao,ML,16.6362,1.637,94.87,25,69,12.15,broken clouds
636,Ulladulla,AU,-35.35,150.4667,64.09,42,0,8.52,clear sky
637,Labytnangi,RU,66.6572,66.4183,32.5,76,41,13.91,scattered clouds
638,Chelmsford,GB,51.7357,0.4696,61.09,91,100,1.99,overcast clouds
639,Judaberg,NO,59.1659,5.8732,54.18,70,99,10.54,light rain
640,Cruz Grande,MX,16.7333,-99.1333,86.38,81,88,4.16,overcast clouds
641,Mahina,PF,-17.5065,-149.489,82.17,61,40,8.05,scattered clouds
642,Sydney,AU,-33.8679,151.2073,70.32,43,0,5.01,clear sky
643,Balugaon,IN,20.1667,85.1,76.75,93,100,2.89,overcast clouds
644,Labuan,MY,5.2767,115.2417,77.36,88,20,1.14,few clouds
645,Chongwe,ZM,-15.3292,28.682,61.0,64,0,4.5,clear sky
646,Road Town,VG,18.4167,-64.6167,82.49,89,75,10.36,broken clouds
647,Maarianhamina,AX,60.0973,19.9348,48.06,61,90,5.75,overcast clouds
648,Puro,PH,12.4841,123.3827,80.62,82,100,3.67,overcast clouds
649,Feijo,BR,-8.1642,-70.3536,79.83,68,47,1.99,scattered clouds
650,Barcelos,PT,41.5388,-8.6151,64.92,92,30,5.86,scattered clouds
651,Coruripe,BR,-10.1256,-36.1756,73.94,81,84,10.11,broken clouds
652,Nsoko,SZ,-27.0333,31.95,59.79,82,0,4.21,clear sky
653,Port Shepstone,ZA,-30.7414,30.455,66.06,87,69,13.53,broken clouds
654,Sungaipenuh,ID,-2.0833,101.3833,62.83,94,94,1.36,overcast clouds
655,Camocim,BR,-2.9022,-40.8411,78.55,76,92,14.27,overcast clouds
656,Robertsport,LR,6.7533,-11.3686,78.15,85,94,11.74,light rain
657,Miyako,JP,39.6367,141.9525,68.27,58,94,1.99,overcast clouds
658,Iranshahr,IR,27.2025,60.6848,86.25,46,0,1.52,clear sky
659,Azul,AR,-36.777,-59.8585,57.04,91,34,8.55,scattered clouds
660,Haines Junction,CA,60.7522,-137.5108,57.15,41,62,3.44,broken clouds
661,Malang,ID,-7.9797,112.6304,69.96,90,51,2.08,broken clouds
662,Otane,NZ,-39.8833,176.6333,56.39,49,31,11.86,scattered clouds
663,Camalu,MX,30.85,-116.0667,76.42,62,3,12.17,clear sky
664,Muros,ES,42.7762,-9.0603,59.5,90,49,10.45,scattered clouds
665,Tongren,CN,27.7172,109.1853,69.46,97,76,1.79,broken clouds
666,Vila,PT,42.0304,-8.1588,54.34,85,41,4.94,scattered clouds
667,Nago,JP,26.5881,127.9761,79.65,64,50,1.41,scattered clouds
668,Qurayyat,SA,31.3318,37.3428,69.98,46,0,0.0,clear sky
669,Levelland,US,33.5873,-102.378,92.95,20,68,14.72,broken clouds
670,Santa Cruz,BO,-17.8,-63.1667,89.06,51,31,13.8,scattered clouds
671,Itaituba,BR,-4.2761,-55.9836,82.38,60,48,2.06,scattered clouds
672,Konya,TR,38.1667,32.5,63.88,47,10,3.62,clear sky
673,Leningradskiy,RU,69.3833,178.4167,28.65,83,93,21.18,overcast clouds
674,Sawakin,SD,19.1059,37.3321,87.06,52,22,8.28,few clouds
675,Pavlysh,UA,48.9176,33.3569,51.6,75,99,11.92,overcast clouds
676,Jamame,SO,0.0722,42.7506,75.7,80,5,14.36,clear sky
677,Onguday,RU,50.75,86.15,48.94,57,98,5.57,overcast clouds
678,Araure,VE,9.5601,-69.2148,94.55,90,84,1.61,broken clouds
679,Mareeba,AU,-17.0,145.4333,70.52,75,53,5.68,broken clouds
680,Camana,PE,-16.6228,-72.7111,60.85,83,69,6.6,broken clouds
681,Maumere,ID,-8.6199,122.2111,80.8,73,82,4.03,broken clouds
682,Bari,IT,41.1177,16.8512,76.84,59,0,3.0,clear sky
683,Marienburg,PL,54.0359,19.0266,49.66,72,88,3.53,overcast clouds
684,Viedma,AR,-40.8135,-62.9967,49.24,94,67,9.57,broken clouds
685,Huancavelica,PE,-12.7667,-74.9833,43.56,67,94,6.87,overcast clouds
686,Puerto Quijarro,BO,-17.7833,-57.7667,89.19,13,10,2.73,clear sky
687,Puerto Maldonado,PE,-12.6,-69.1833,93.6,46,0,3.44,clear sky
688,Vestmanna,FO,62.1564,-7.1664,50.92,100,90,9.22,fog
689,Zaysan,KZ,47.4667,84.8667,56.12,34,79,13.85,broken clouds
690,Avera,US,33.194,-82.5271,84.07,67,100,7.45,overcast clouds
691,Oranjemund,NA,-28.55,16.4333,55.99,83,22,4.29,few clouds
692,Arandis,NA,-22.4167,14.9667,48.47,70,1,1.74,clear sky
693,Katherine,AU,-14.4667,132.2667,71.92,49,0,0.0,clear sky
694,Loreto,MX,22.2667,-101.9667,71.01,46,57,9.69,broken clouds
695,Karasuk,RU,53.7377,78.0403,39.51,71,59,17.36,broken clouds
696,Beloha,MG,-25.1667,45.05,60.03,68,3,9.33,clear sky
697,Los Llanos De Aridane,ES,28.6585,-17.9182,69.55,80,20,8.05,few clouds
698,Taoudenni,ML,22.6783,-3.9836,98.35,10,0,4.83,clear sky
699,Numata,JP,36.6333,139.05,65.19,68,34,1.36,scattered clouds
700,Peterhead,GB,57.5058,-1.7981,54.72,94,29,5.95,scattered clouds
701,Talcher,IN,20.95,85.2167,76.39,91,100,3.62,overcast clouds
702,Aktas,KZ,49.7789,72.9608,29.95,62,0,10.13,clear sky
703,Embonas,GR,36.2269,27.8564,74.84,68,0,4.81,clear sky
704,Emilio Carranza,MX,19.9711,-96.6114,81.93,76,73,4.03,broken clouds
705,High Level,CA,58.5169,-117.136,53.71,62,40,5.75,light rain
706,Pangnirtung,CA,66.1451,-65.7125,32.5,78,93,10.33,overcast clouds
707,Tyler,US,32.3513,-95.3011,91.18,68,20,1.01,few clouds
708,Newport,GB,51.5877,-2.9984,56.17,85,8,7.4,clear sky
709,Rudnogorsk,RU,57.2639,103.7519,43.72,96,82,2.08,broken clouds
710,Selikhino,RU,50.3672,137.4996,47.59,76,2,10.47,clear sky
711,Mgandu,TZ,-5.95,34.1333,65.82,46,17,10.47,few clouds
712,Tautira,PF,-17.7333,-149.15,82.42,74,68,17.65,broken clouds
713,San Juan Del Cesar,CO,10.7711,-73.0031,81.79,70,100,6.69,overcast clouds
714,Waddan,LY,29.1614,16.139,84.74,23,0,8.3,clear sky
